<?xml version="1.0" encoding="utf-8"?>
<!--    手机适配   -->
<resources>
    <!-- 统一屏幕适配dp -->
    <dimen name="dip_0">0.0dp</dimen>
    <dimen name="dip_1">0.5dp</dimen>
    <dimen name="dip_2">1.0dp</dimen>
    <dimen name="dip_3">1.5dp</dimen>
    <dimen name="dip_4">2.0dp</dimen>
    <dimen name="dip_5">2.5dp</dimen>
    <dimen name="dip_6">3.0dp</dimen>
    <dimen name="dip_7">3.5dp</dimen>
    <dimen name="dip_8">4.0dp</dimen>
    <dimen name="dip_9">4.5dp</dimen>
    <dimen name="dip_10">5.0dp</dimen>
    <dimen name="dip_11">5.5dp</dimen>
    <dimen name="dip_12">6.0dp</dimen>
    <dimen name="dip_13">6.5dp</dimen>
    <dimen name="dip_14">7.0dp</dimen>
    <dimen name="dip_15">7.5dp</dimen>
    <dimen name="dip_16">8.0dp</dimen>
    <dimen name="dip_17">8.5dp</dimen>
    <dimen name="dip_18">9.0dp</dimen>
    <dimen name="dip_19">9.5dp</dimen>
    <dimen name="dip_20">10.0dp</dimen>
    <dimen name="dip_21">10.5dp</dimen>
    <dimen name="dip_22">11.0dp</dimen>
    <dimen name="dip_23">11.5dp</dimen>
    <dimen name="dip_24">12.0dp</dimen>
    <dimen name="dip_25">12.5dp</dimen>
    <dimen name="dip_26">13.0dp</dimen>
    <dimen name="dip_27">13.5dp</dimen>
    <dimen name="dip_28">14.0dp</dimen>
    <dimen name="dip_29">14.5dp</dimen>
    <dimen name="dip_30">15.0dp</dimen>
    <dimen name="dip_31">15.5dp</dimen>
    <dimen name="dip_32">16.0dp</dimen>
    <dimen name="dip_33">16.5dp</dimen>
    <dimen name="dip_34">17.0dp</dimen>
    <dimen name="dip_35">17.5dp</dimen>
    <dimen name="dip_36">18.0dp</dimen>
    <dimen name="dip_37">18.5dp</dimen>
    <dimen name="dip_38">19.0dp</dimen>
    <dimen name="dip_39">19.5dp</dimen>
    <dimen name="dip_40">20.0dp</dimen>
    <dimen name="dip_41">20.5dp</dimen>
    <dimen name="dip_42">21.0dp</dimen>
    <dimen name="dip_43">21.5dp</dimen>
    <dimen name="dip_44">22.0dp</dimen>
    <dimen name="dip_45">22.5dp</dimen>
    <dimen name="dip_46">23.0dp</dimen>
    <dimen name="dip_47">23.5dp</dimen>
    <dimen name="dip_48">24.0dp</dimen>
    <dimen name="dip_49">24.5dp</dimen>
    <dimen name="dip_50">25.0dp</dimen>
    <dimen name="dip_51">25.5dp</dimen>
    <dimen name="dip_52">26.0dp</dimen>
    <dimen name="dip_53">26.5dp</dimen>
    <dimen name="dip_54">27.0dp</dimen>
    <dimen name="dip_55">27.5dp</dimen>
    <dimen name="dip_56">28.0dp</dimen>
    <dimen name="dip_57">28.5dp</dimen>
    <dimen name="dip_58">29.0dp</dimen>
    <dimen name="dip_59">29.5dp</dimen>
    <dimen name="dip_60">30.0dp</dimen>
    <dimen name="dip_61">30.5dp</dimen>
    <dimen name="dip_62">31.0dp</dimen>
    <dimen name="dip_63">31.5dp</dimen>
    <dimen name="dip_64">32.0dp</dimen>
    <dimen name="dip_65">32.5dp</dimen>
    <dimen name="dip_66">33.0dp</dimen>
    <dimen name="dip_67">33.5dp</dimen>
    <dimen name="dip_68">34.0dp</dimen>
    <dimen name="dip_69">34.5dp</dimen>
    <dimen name="dip_70">35.0dp</dimen>
    <dimen name="dip_71">35.5dp</dimen>
    <dimen name="dip_72">36.0dp</dimen>
    <dimen name="dip_73">36.5dp</dimen>
    <dimen name="dip_74">37.0dp</dimen>
    <dimen name="dip_75">37.5dp</dimen>
    <dimen name="dip_76">38.0dp</dimen>
    <dimen name="dip_77">38.5dp</dimen>
    <dimen name="dip_78">39.0dp</dimen>
    <dimen name="dip_79">39.5dp</dimen>
    <dimen name="dip_80">40.0dp</dimen>
    <dimen name="dip_81">40.5dp</dimen>
    <dimen name="dip_82">41.0dp</dimen>
    <dimen name="dip_83">41.5dp</dimen>
    <dimen name="dip_84">42.0dp</dimen>
    <dimen name="dip_85">42.5dp</dimen>
    <dimen name="dip_86">43.0dp</dimen>
    <dimen name="dip_87">43.5dp</dimen>
    <dimen name="dip_88">44.0dp</dimen>
    <dimen name="dip_89">44.5dp</dimen>
    <dimen name="dip_90">45.0dp</dimen>
    <dimen name="dip_91">45.5dp</dimen>
    <dimen name="dip_92">46.0dp</dimen>
    <dimen name="dip_93">46.5dp</dimen>
    <dimen name="dip_94">47.0dp</dimen>
    <dimen name="dip_95">47.5dp</dimen>
    <dimen name="dip_96">48.0dp</dimen>
    <dimen name="dip_97">48.5dp</dimen>
    <dimen name="dip_98">49.0dp</dimen>
    <dimen name="dip_99">49.5dp</dimen>
    <dimen name="dip_100">50.0dp</dimen>
    <dimen name="dip_101">50.5dp</dimen>
    <dimen name="dip_102">51.0dp</dimen>
    <dimen name="dip_103">51.5dp</dimen>
    <dimen name="dip_104">52.0dp</dimen>
    <dimen name="dip_105">52.5dp</dimen>
    <dimen name="dip_106">53.0dp</dimen>
    <dimen name="dip_107">53.5dp</dimen>
    <dimen name="dip_108">54.0dp</dimen>
    <dimen name="dip_109">54.5dp</dimen>
    <dimen name="dip_110">55.0dp</dimen>
    <dimen name="dip_111">55.5dp</dimen>
    <dimen name="dip_112">56.0dp</dimen>
    <dimen name="dip_113">56.5dp</dimen>
    <dimen name="dip_114">57.0dp</dimen>
    <dimen name="dip_115">57.5dp</dimen>
    <dimen name="dip_116">58.0dp</dimen>
    <dimen name="dip_117">58.5dp</dimen>
    <dimen name="dip_118">59.0dp</dimen>
    <dimen name="dip_119">59.5dp</dimen>
    <dimen name="dip_120">60.0dp</dimen>
    <dimen name="dip_121">60.5dp</dimen>
    <dimen name="dip_122">61.0dp</dimen>
    <dimen name="dip_123">61.5dp</dimen>
    <dimen name="dip_124">62.0dp</dimen>
    <dimen name="dip_125">62.5dp</dimen>
    <dimen name="dip_126">63.0dp</dimen>
    <dimen name="dip_127">63.5dp</dimen>
    <dimen name="dip_128">64.0dp</dimen>
    <dimen name="dip_129">64.5dp</dimen>
    <dimen name="dip_130">65.0dp</dimen>
    <dimen name="dip_131">65.5dp</dimen>
    <dimen name="dip_132">66.0dp</dimen>
    <dimen name="dip_133">66.5dp</dimen>
    <dimen name="dip_134">67.0dp</dimen>
    <dimen name="dip_135">67.5dp</dimen>
    <dimen name="dip_136">68.0dp</dimen>
    <dimen name="dip_137">68.5dp</dimen>
    <dimen name="dip_138">69.0dp</dimen>
    <dimen name="dip_139">69.5dp</dimen>
    <dimen name="dip_140">70.0dp</dimen>
    <dimen name="dip_141">70.5dp</dimen>
    <dimen name="dip_142">71.0dp</dimen>
    <dimen name="dip_143">71.5dp</dimen>
    <dimen name="dip_144">72.0dp</dimen>
    <dimen name="dip_145">72.5dp</dimen>
    <dimen name="dip_146">73.0dp</dimen>
    <dimen name="dip_147">73.5dp</dimen>
    <dimen name="dip_148">74.0dp</dimen>
    <dimen name="dip_149">74.5dp</dimen>
    <dimen name="dip_150">75.0dp</dimen>
    <dimen name="dip_151">75.5dp</dimen>
    <dimen name="dip_152">76.0dp</dimen>
    <dimen name="dip_153">76.5dp</dimen>
    <dimen name="dip_154">77.0dp</dimen>
    <dimen name="dip_155">77.5dp</dimen>
    <dimen name="dip_156">78.0dp</dimen>
    <dimen name="dip_157">78.5dp</dimen>
    <dimen name="dip_158">79.0dp</dimen>
    <dimen name="dip_159">79.5dp</dimen>
    <dimen name="dip_160">80.0dp</dimen>
    <dimen name="dip_161">80.5dp</dimen>
    <dimen name="dip_162">81.0dp</dimen>
    <dimen name="dip_163">81.5dp</dimen>
    <dimen name="dip_164">82.0dp</dimen>
    <dimen name="dip_165">82.5dp</dimen>
    <dimen name="dip_166">83.0dp</dimen>
    <dimen name="dip_167">83.5dp</dimen>
    <dimen name="dip_168">84.0dp</dimen>
    <dimen name="dip_169">84.5dp</dimen>
    <dimen name="dip_170">85.0dp</dimen>
    <dimen name="dip_171">85.5dp</dimen>
    <dimen name="dip_172">86.0dp</dimen>
    <dimen name="dip_173">86.5dp</dimen>
    <dimen name="dip_174">87.0dp</dimen>
    <dimen name="dip_175">87.5dp</dimen>
    <dimen name="dip_176">88.0dp</dimen>
    <dimen name="dip_177">88.5dp</dimen>
    <dimen name="dip_178">89.0dp</dimen>
    <dimen name="dip_179">89.5dp</dimen>
    <dimen name="dip_180">90.0dp</dimen>
    <dimen name="dip_181">90.5dp</dimen>
    <dimen name="dip_182">91.0dp</dimen>
    <dimen name="dip_183">91.5dp</dimen>
    <dimen name="dip_184">92.0dp</dimen>
    <dimen name="dip_185">92.5dp</dimen>
    <dimen name="dip_186">93.0dp</dimen>
    <dimen name="dip_187">93.5dp</dimen>
    <dimen name="dip_188">94.0dp</dimen>
    <dimen name="dip_189">94.5dp</dimen>
    <dimen name="dip_190">95.0dp</dimen>
    <dimen name="dip_191">95.5dp</dimen>
    <dimen name="dip_192">96.0dp</dimen>
    <dimen name="dip_193">96.5dp</dimen>
    <dimen name="dip_194">97.0dp</dimen>
    <dimen name="dip_195">97.5dp</dimen>
    <dimen name="dip_196">98.0dp</dimen>
    <dimen name="dip_197">98.5dp</dimen>
    <dimen name="dip_198">99.0dp</dimen>
    <dimen name="dip_199">99.5dp</dimen>
    <dimen name="dip_200">100.0dp</dimen>
    <dimen name="dip_201">100.5dp</dimen>
    <dimen name="dip_202">101.0dp</dimen>
    <dimen name="dip_203">101.5dp</dimen>
    <dimen name="dip_204">102.0dp</dimen>
    <dimen name="dip_205">102.5dp</dimen>
    <dimen name="dip_206">103.0dp</dimen>
    <dimen name="dip_207">103.5dp</dimen>
    <dimen name="dip_208">104.0dp</dimen>
    <dimen name="dip_209">104.5dp</dimen>
    <dimen name="dip_210">105.0dp</dimen>
    <dimen name="dip_211">105.5dp</dimen>
    <dimen name="dip_212">106.0dp</dimen>
    <dimen name="dip_213">106.5dp</dimen>
    <dimen name="dip_214">107.0dp</dimen>
    <dimen name="dip_215">107.5dp</dimen>
    <dimen name="dip_216">108.0dp</dimen>
    <dimen name="dip_217">108.5dp</dimen>
    <dimen name="dip_218">109.0dp</dimen>
    <dimen name="dip_219">109.5dp</dimen>
    <dimen name="dip_220">110.0dp</dimen>
    <dimen name="dip_221">110.5dp</dimen>
    <dimen name="dip_222">111.0dp</dimen>
    <dimen name="dip_223">111.5dp</dimen>
    <dimen name="dip_224">112.0dp</dimen>
    <dimen name="dip_225">112.5dp</dimen>
    <dimen name="dip_226">113.0dp</dimen>
    <dimen name="dip_227">113.5dp</dimen>
    <dimen name="dip_228">114.0dp</dimen>
    <dimen name="dip_229">114.5dp</dimen>
    <dimen name="dip_230">115.0dp</dimen>
    <dimen name="dip_231">115.5dp</dimen>
    <dimen name="dip_232">116.0dp</dimen>
    <dimen name="dip_233">116.5dp</dimen>
    <dimen name="dip_234">117.0dp</dimen>
    <dimen name="dip_235">117.5dp</dimen>
    <dimen name="dip_236">118.0dp</dimen>
    <dimen name="dip_237">118.5dp</dimen>
    <dimen name="dip_238">119.0dp</dimen>
    <dimen name="dip_239">119.5dp</dimen>
    <dimen name="dip_240">120.0dp</dimen>
    <dimen name="dip_241">120.5dp</dimen>
    <dimen name="dip_242">121.0dp</dimen>
    <dimen name="dip_243">121.5dp</dimen>
    <dimen name="dip_244">122.0dp</dimen>
    <dimen name="dip_245">122.5dp</dimen>
    <dimen name="dip_246">123.0dp</dimen>
    <dimen name="dip_247">123.5dp</dimen>
    <dimen name="dip_248">124.0dp</dimen>
    <dimen name="dip_249">124.5dp</dimen>
    <dimen name="dip_250">125.0dp</dimen>
    <dimen name="dip_251">125.5dp</dimen>
    <dimen name="dip_252">126.0dp</dimen>
    <dimen name="dip_253">126.5dp</dimen>
    <dimen name="dip_254">127.0dp</dimen>
    <dimen name="dip_255">127.5dp</dimen>
    <dimen name="dip_256">128.0dp</dimen>
    <dimen name="dip_257">128.5dp</dimen>
    <dimen name="dip_258">129.0dp</dimen>
    <dimen name="dip_259">129.5dp</dimen>
    <dimen name="dip_260">130.0dp</dimen>
    <dimen name="dip_261">130.5dp</dimen>
    <dimen name="dip_262">131.0dp</dimen>
    <dimen name="dip_263">131.5dp</dimen>
    <dimen name="dip_264">132.0dp</dimen>
    <dimen name="dip_265">132.5dp</dimen>
    <dimen name="dip_266">133.0dp</dimen>
    <dimen name="dip_267">133.5dp</dimen>
    <dimen name="dip_268">134.0dp</dimen>
    <dimen name="dip_269">134.5dp</dimen>
    <dimen name="dip_270">135.0dp</dimen>
    <dimen name="dip_271">135.5dp</dimen>
    <dimen name="dip_272">136.0dp</dimen>
    <dimen name="dip_273">136.5dp</dimen>
    <dimen name="dip_274">137.0dp</dimen>
    <dimen name="dip_275">137.5dp</dimen>
    <dimen name="dip_276">138.0dp</dimen>
    <dimen name="dip_277">138.5dp</dimen>
    <dimen name="dip_278">139.0dp</dimen>
    <dimen name="dip_279">139.5dp</dimen>
    <dimen name="dip_280">140.0dp</dimen>
    <dimen name="dip_281">140.5dp</dimen>
    <dimen name="dip_282">141.0dp</dimen>
    <dimen name="dip_283">141.5dp</dimen>
    <dimen name="dip_284">142.0dp</dimen>
    <dimen name="dip_285">142.5dp</dimen>
    <dimen name="dip_286">143.0dp</dimen>
    <dimen name="dip_287">143.5dp</dimen>
    <dimen name="dip_288">144.0dp</dimen>
    <dimen name="dip_289">144.5dp</dimen>
    <dimen name="dip_290">145.0dp</dimen>
    <dimen name="dip_291">145.5dp</dimen>
    <dimen name="dip_292">146.0dp</dimen>
    <dimen name="dip_293">146.5dp</dimen>
    <dimen name="dip_294">147.0dp</dimen>
    <dimen name="dip_295">147.5dp</dimen>
    <dimen name="dip_296">148.0dp</dimen>
    <dimen name="dip_297">148.5dp</dimen>
    <dimen name="dip_298">149.0dp</dimen>
    <dimen name="dip_299">149.5dp</dimen>
    <dimen name="dip_300">150.0dp</dimen>
    <dimen name="dip_301">150.5dp</dimen>
    <dimen name="dip_302">151.0dp</dimen>
    <dimen name="dip_303">151.5dp</dimen>
    <dimen name="dip_304">152.0dp</dimen>
    <dimen name="dip_305">152.5dp</dimen>
    <dimen name="dip_306">153.0dp</dimen>
    <dimen name="dip_307">153.5dp</dimen>
    <dimen name="dip_308">154.0dp</dimen>
    <dimen name="dip_309">154.5dp</dimen>
    <dimen name="dip_310">155.0dp</dimen>
    <dimen name="dip_311">155.5dp</dimen>
    <dimen name="dip_312">156.0dp</dimen>
    <dimen name="dip_313">156.5dp</dimen>
    <dimen name="dip_314">157.0dp</dimen>
    <dimen name="dip_315">157.5dp</dimen>
    <dimen name="dip_316">158.0dp</dimen>
    <dimen name="dip_317">158.5dp</dimen>
    <dimen name="dip_318">159.0dp</dimen>
    <dimen name="dip_319">159.5dp</dimen>
    <dimen name="dip_320">160.0dp</dimen>
    <dimen name="dip_321">160.5dp</dimen>
    <dimen name="dip_322">161.0dp</dimen>
    <dimen name="dip_323">161.5dp</dimen>
    <dimen name="dip_324">162.0dp</dimen>
    <dimen name="dip_325">162.5dp</dimen>
    <dimen name="dip_326">163.0dp</dimen>
    <dimen name="dip_327">163.5dp</dimen>
    <dimen name="dip_328">164.0dp</dimen>
    <dimen name="dip_329">164.5dp</dimen>
    <dimen name="dip_330">165.0dp</dimen>
    <dimen name="dip_331">165.5dp</dimen>
    <dimen name="dip_332">166.0dp</dimen>
    <dimen name="dip_333">166.5dp</dimen>
    <dimen name="dip_334">167.0dp</dimen>
    <dimen name="dip_335">167.5dp</dimen>
    <dimen name="dip_336">168.0dp</dimen>
    <dimen name="dip_337">168.5dp</dimen>
    <dimen name="dip_338">169.0dp</dimen>
    <dimen name="dip_339">169.5dp</dimen>
    <dimen name="dip_340">170.0dp</dimen>
    <dimen name="dip_341">170.5dp</dimen>
    <dimen name="dip_342">171.0dp</dimen>
    <dimen name="dip_343">171.5dp</dimen>
    <dimen name="dip_344">172.0dp</dimen>
    <dimen name="dip_345">172.5dp</dimen>
    <dimen name="dip_346">173.0dp</dimen>
    <dimen name="dip_347">173.5dp</dimen>
    <dimen name="dip_348">174.0dp</dimen>
    <dimen name="dip_349">174.5dp</dimen>
    <dimen name="dip_350">175.0dp</dimen>
    <dimen name="dip_351">175.5dp</dimen>
    <dimen name="dip_352">176.0dp</dimen>
    <dimen name="dip_353">176.5dp</dimen>
    <dimen name="dip_354">177.0dp</dimen>
    <dimen name="dip_355">177.5dp</dimen>
    <dimen name="dip_356">178.0dp</dimen>
    <dimen name="dip_357">178.5dp</dimen>
    <dimen name="dip_358">179.0dp</dimen>
    <dimen name="dip_359">179.5dp</dimen>
    <dimen name="dip_360">180.0dp</dimen>
    <dimen name="dip_361">180.5dp</dimen>
    <dimen name="dip_362">181.0dp</dimen>
    <dimen name="dip_363">181.5dp</dimen>
    <dimen name="dip_364">182.0dp</dimen>
    <dimen name="dip_365">182.5dp</dimen>
    <dimen name="dip_366">183.0dp</dimen>
    <dimen name="dip_367">183.5dp</dimen>
    <dimen name="dip_368">184.0dp</dimen>
    <dimen name="dip_369">184.5dp</dimen>
    <dimen name="dip_370">185.0dp</dimen>
    <dimen name="dip_371">185.5dp</dimen>
    <dimen name="dip_372">186.0dp</dimen>
    <dimen name="dip_373">186.5dp</dimen>
    <dimen name="dip_374">187.0dp</dimen>
    <dimen name="dip_375">187.5dp</dimen>
    <dimen name="dip_376">188.0dp</dimen>
    <dimen name="dip_377">188.5dp</dimen>
    <dimen name="dip_378">189.0dp</dimen>
    <dimen name="dip_379">189.5dp</dimen>
    <dimen name="dip_380">190.0dp</dimen>
    <dimen name="dip_381">190.5dp</dimen>
    <dimen name="dip_382">191.0dp</dimen>
    <dimen name="dip_383">191.5dp</dimen>
    <dimen name="dip_384">192.0dp</dimen>
    <dimen name="dip_385">192.5dp</dimen>
    <dimen name="dip_386">193.0dp</dimen>
    <dimen name="dip_387">193.5dp</dimen>
    <dimen name="dip_388">194.0dp</dimen>
    <dimen name="dip_389">194.5dp</dimen>
    <dimen name="dip_390">195.0dp</dimen>
    <dimen name="dip_391">195.5dp</dimen>
    <dimen name="dip_392">196.0dp</dimen>
    <dimen name="dip_393">196.5dp</dimen>
    <dimen name="dip_394">197.0dp</dimen>
    <dimen name="dip_395">197.5dp</dimen>
    <dimen name="dip_396">198.0dp</dimen>
    <dimen name="dip_397">198.5dp</dimen>
    <dimen name="dip_398">199.0dp</dimen>
    <dimen name="dip_399">199.5dp</dimen>
    <dimen name="dip_400">200.0dp</dimen>
    <dimen name="dip_401">200.5dp</dimen>
    <dimen name="dip_402">201.0dp</dimen>
    <dimen name="dip_403">201.5dp</dimen>
    <dimen name="dip_404">202.0dp</dimen>
    <dimen name="dip_405">202.5dp</dimen>
    <dimen name="dip_406">203.0dp</dimen>
    <dimen name="dip_407">203.5dp</dimen>
    <dimen name="dip_408">204.0dp</dimen>
    <dimen name="dip_409">204.5dp</dimen>
    <dimen name="dip_410">205.0dp</dimen>
    <dimen name="dip_411">205.5dp</dimen>
    <dimen name="dip_412">206.0dp</dimen>
    <dimen name="dip_413">206.5dp</dimen>
    <dimen name="dip_414">207.0dp</dimen>
    <dimen name="dip_415">207.5dp</dimen>
    <dimen name="dip_416">208.0dp</dimen>
    <dimen name="dip_417">208.5dp</dimen>
    <dimen name="dip_418">209.0dp</dimen>
    <dimen name="dip_419">209.5dp</dimen>
    <dimen name="dip_420">210.0dp</dimen>
    <dimen name="dip_421">210.5dp</dimen>
    <dimen name="dip_422">211.0dp</dimen>
    <dimen name="dip_423">211.5dp</dimen>
    <dimen name="dip_424">212.0dp</dimen>
    <dimen name="dip_425">212.5dp</dimen>
    <dimen name="dip_426">213.0dp</dimen>
    <dimen name="dip_427">213.5dp</dimen>
    <dimen name="dip_428">214.0dp</dimen>
    <dimen name="dip_429">214.5dp</dimen>
    <dimen name="dip_430">215.0dp</dimen>
    <dimen name="dip_431">215.5dp</dimen>
    <dimen name="dip_432">216.0dp</dimen>
    <dimen name="dip_433">216.5dp</dimen>
    <dimen name="dip_434">217.0dp</dimen>
    <dimen name="dip_435">217.5dp</dimen>
    <dimen name="dip_436">218.0dp</dimen>
    <dimen name="dip_437">218.5dp</dimen>
    <dimen name="dip_438">219.0dp</dimen>
    <dimen name="dip_439">219.5dp</dimen>
    <dimen name="dip_440">220.0dp</dimen>
    <dimen name="dip_441">220.5dp</dimen>
    <dimen name="dip_442">221.0dp</dimen>
    <dimen name="dip_443">221.5dp</dimen>
    <dimen name="dip_444">222.0dp</dimen>
    <dimen name="dip_445">222.5dp</dimen>
    <dimen name="dip_446">223.0dp</dimen>
    <dimen name="dip_447">223.5dp</dimen>
    <dimen name="dip_448">224.0dp</dimen>
    <dimen name="dip_449">224.5dp</dimen>
    <dimen name="dip_450">225.0dp</dimen>
    <dimen name="dip_451">225.5dp</dimen>
    <dimen name="dip_452">226.0dp</dimen>
    <dimen name="dip_453">226.5dp</dimen>
    <dimen name="dip_454">227.0dp</dimen>
    <dimen name="dip_455">227.5dp</dimen>
    <dimen name="dip_456">228.0dp</dimen>
    <dimen name="dip_457">228.5dp</dimen>
    <dimen name="dip_458">229.0dp</dimen>
    <dimen name="dip_459">229.5dp</dimen>
    <dimen name="dip_460">230.0dp</dimen>
    <dimen name="dip_461">230.5dp</dimen>
    <dimen name="dip_462">231.0dp</dimen>
    <dimen name="dip_463">231.5dp</dimen>
    <dimen name="dip_464">232.0dp</dimen>
    <dimen name="dip_465">232.5dp</dimen>
    <dimen name="dip_466">233.0dp</dimen>
    <dimen name="dip_467">233.5dp</dimen>
    <dimen name="dip_468">234.0dp</dimen>
    <dimen name="dip_469">234.5dp</dimen>
    <dimen name="dip_470">235.0dp</dimen>
    <dimen name="dip_471">235.5dp</dimen>
    <dimen name="dip_472">236.0dp</dimen>
    <dimen name="dip_473">236.5dp</dimen>
    <dimen name="dip_474">237.0dp</dimen>
    <dimen name="dip_475">237.5dp</dimen>
    <dimen name="dip_476">238.0dp</dimen>
    <dimen name="dip_477">238.5dp</dimen>
    <dimen name="dip_478">239.0dp</dimen>
    <dimen name="dip_479">239.5dp</dimen>
    <dimen name="dip_480">240.0dp</dimen>
    <dimen name="dip_481">240.5dp</dimen>
    <dimen name="dip_482">241.0dp</dimen>
    <dimen name="dip_483">241.5dp</dimen>
    <dimen name="dip_484">242.0dp</dimen>
    <dimen name="dip_485">242.5dp</dimen>
    <dimen name="dip_486">243.0dp</dimen>
    <dimen name="dip_487">243.5dp</dimen>
    <dimen name="dip_488">244.0dp</dimen>
    <dimen name="dip_489">244.5dp</dimen>
    <dimen name="dip_490">245.0dp</dimen>
    <dimen name="dip_491">245.5dp</dimen>
    <dimen name="dip_492">246.0dp</dimen>
    <dimen name="dip_493">246.5dp</dimen>
    <dimen name="dip_494">247.0dp</dimen>
    <dimen name="dip_495">247.5dp</dimen>
    <dimen name="dip_496">248.0dp</dimen>
    <dimen name="dip_497">248.5dp</dimen>
    <dimen name="dip_498">249.0dp</dimen>
    <dimen name="dip_499">249.5dp</dimen>
    <dimen name="dip_500">250.0dp</dimen>
    <dimen name="dip_501">250.5dp</dimen>
    <dimen name="dip_502">251.0dp</dimen>
    <dimen name="dip_503">251.5dp</dimen>
    <dimen name="dip_504">252.0dp</dimen>
    <dimen name="dip_505">252.5dp</dimen>
    <dimen name="dip_506">253.0dp</dimen>
    <dimen name="dip_507">253.5dp</dimen>
    <dimen name="dip_508">254.0dp</dimen>
    <dimen name="dip_509">254.5dp</dimen>
    <dimen name="dip_510">255.0dp</dimen>
    <dimen name="dip_511">255.5dp</dimen>
    <dimen name="dip_512">256.0dp</dimen>
    <dimen name="dip_513">256.5dp</dimen>
    <dimen name="dip_514">257.0dp</dimen>
    <dimen name="dip_515">257.5dp</dimen>
    <dimen name="dip_516">258.0dp</dimen>
    <dimen name="dip_517">258.5dp</dimen>
    <dimen name="dip_518">259.0dp</dimen>
    <dimen name="dip_519">259.5dp</dimen>
    <dimen name="dip_520">260.0dp</dimen>
    <dimen name="dip_521">260.5dp</dimen>
    <dimen name="dip_522">261.0dp</dimen>
    <dimen name="dip_523">261.5dp</dimen>
    <dimen name="dip_524">262.0dp</dimen>
    <dimen name="dip_525">262.5dp</dimen>
    <dimen name="dip_526">263.0dp</dimen>
    <dimen name="dip_527">263.5dp</dimen>
    <dimen name="dip_528">264.0dp</dimen>
    <dimen name="dip_529">264.5dp</dimen>
    <dimen name="dip_530">265.0dp</dimen>
    <dimen name="dip_531">265.5dp</dimen>
    <dimen name="dip_532">266.0dp</dimen>
    <dimen name="dip_533">266.5dp</dimen>
    <dimen name="dip_534">267.0dp</dimen>
    <dimen name="dip_535">267.5dp</dimen>
    <dimen name="dip_536">268.0dp</dimen>
    <dimen name="dip_537">268.5dp</dimen>
    <dimen name="dip_538">269.0dp</dimen>
    <dimen name="dip_539">269.5dp</dimen>
    <dimen name="dip_540">270.0dp</dimen>
    <dimen name="dip_541">270.5dp</dimen>
    <dimen name="dip_542">271.0dp</dimen>
    <dimen name="dip_543">271.5dp</dimen>
    <dimen name="dip_544">272.0dp</dimen>
    <dimen name="dip_545">272.5dp</dimen>
    <dimen name="dip_546">273.0dp</dimen>
    <dimen name="dip_547">273.5dp</dimen>
    <dimen name="dip_548">274.0dp</dimen>
    <dimen name="dip_549">274.5dp</dimen>
    <dimen name="dip_550">275.0dp</dimen>
    <dimen name="dip_551">275.5dp</dimen>
    <dimen name="dip_552">276.0dp</dimen>
    <dimen name="dip_553">276.5dp</dimen>
    <dimen name="dip_554">277.0dp</dimen>
    <dimen name="dip_555">277.5dp</dimen>
    <dimen name="dip_556">278.0dp</dimen>
    <dimen name="dip_557">278.5dp</dimen>
    <dimen name="dip_558">279.0dp</dimen>
    <dimen name="dip_559">279.5dp</dimen>
    <dimen name="dip_560">280.0dp</dimen>
    <dimen name="dip_561">280.5dp</dimen>
    <dimen name="dip_562">281.0dp</dimen>
    <dimen name="dip_563">281.5dp</dimen>
    <dimen name="dip_564">282.0dp</dimen>
    <dimen name="dip_565">282.5dp</dimen>
    <dimen name="dip_566">283.0dp</dimen>
    <dimen name="dip_567">283.5dp</dimen>
    <dimen name="dip_568">284.0dp</dimen>
    <dimen name="dip_569">284.5dp</dimen>
    <dimen name="dip_570">285.0dp</dimen>
    <dimen name="dip_571">285.5dp</dimen>
    <dimen name="dip_572">286.0dp</dimen>
    <dimen name="dip_573">286.5dp</dimen>
    <dimen name="dip_574">287.0dp</dimen>
    <dimen name="dip_575">287.5dp</dimen>
    <dimen name="dip_576">288.0dp</dimen>
    <dimen name="dip_577">288.5dp</dimen>
    <dimen name="dip_578">289.0dp</dimen>
    <dimen name="dip_579">289.5dp</dimen>
    <dimen name="dip_580">290.0dp</dimen>
    <dimen name="dip_581">290.5dp</dimen>
    <dimen name="dip_582">291.0dp</dimen>
    <dimen name="dip_583">291.5dp</dimen>
    <dimen name="dip_584">292.0dp</dimen>
    <dimen name="dip_585">292.5dp</dimen>
    <dimen name="dip_586">293.0dp</dimen>
    <dimen name="dip_587">293.5dp</dimen>
    <dimen name="dip_588">294.0dp</dimen>
    <dimen name="dip_589">294.5dp</dimen>
    <dimen name="dip_590">295.0dp</dimen>
    <dimen name="dip_591">295.5dp</dimen>
    <dimen name="dip_592">296.0dp</dimen>
    <dimen name="dip_593">296.5dp</dimen>
    <dimen name="dip_594">297.0dp</dimen>
    <dimen name="dip_595">297.5dp</dimen>
    <dimen name="dip_596">298.0dp</dimen>
    <dimen name="dip_597">298.5dp</dimen>
    <dimen name="dip_598">299.0dp</dimen>
    <dimen name="dip_599">299.5dp</dimen>
    <dimen name="dip_600">300.0dp</dimen>
    <dimen name="dip_601">300.5dp</dimen>
    <dimen name="dip_602">301.0dp</dimen>
    <dimen name="dip_603">301.5dp</dimen>
    <dimen name="dip_604">302.0dp</dimen>
    <dimen name="dip_605">302.5dp</dimen>
    <dimen name="dip_606">303.0dp</dimen>
    <dimen name="dip_607">303.5dp</dimen>
    <dimen name="dip_608">304.0dp</dimen>
    <dimen name="dip_609">304.5dp</dimen>
    <dimen name="dip_610">305.0dp</dimen>
    <dimen name="dip_611">305.5dp</dimen>
    <dimen name="dip_612">306.0dp</dimen>
    <dimen name="dip_613">306.5dp</dimen>
    <dimen name="dip_614">307.0dp</dimen>
    <dimen name="dip_615">307.5dp</dimen>
    <dimen name="dip_616">308.0dp</dimen>
    <dimen name="dip_617">308.5dp</dimen>
    <dimen name="dip_618">309.0dp</dimen>
    <dimen name="dip_619">309.5dp</dimen>
    <dimen name="dip_620">310.0dp</dimen>
    <dimen name="dip_621">310.5dp</dimen>
    <dimen name="dip_622">311.0dp</dimen>
    <dimen name="dip_623">311.5dp</dimen>
    <dimen name="dip_624">312.0dp</dimen>
    <dimen name="dip_625">312.5dp</dimen>
    <dimen name="dip_626">313.0dp</dimen>
    <dimen name="dip_627">313.5dp</dimen>
    <dimen name="dip_628">314.0dp</dimen>
    <dimen name="dip_629">314.5dp</dimen>
    <dimen name="dip_630">315.0dp</dimen>
    <dimen name="dip_631">315.5dp</dimen>
    <dimen name="dip_632">316.0dp</dimen>
    <dimen name="dip_633">316.5dp</dimen>
    <dimen name="dip_634">317.0dp</dimen>
    <dimen name="dip_635">317.5dp</dimen>
    <dimen name="dip_636">318.0dp</dimen>
    <dimen name="dip_637">318.5dp</dimen>
    <dimen name="dip_638">319.0dp</dimen>
    <dimen name="dip_639">319.5dp</dimen>
    <dimen name="dip_640">320.0dp</dimen>
    <dimen name="dip_641">320.5dp</dimen>
    <dimen name="dip_642">321.0dp</dimen>
    <dimen name="dip_643">321.5dp</dimen>
    <dimen name="dip_644">322.0dp</dimen>
    <dimen name="dip_645">322.5dp</dimen>
    <dimen name="dip_646">323.0dp</dimen>
    <dimen name="dip_647">323.5dp</dimen>
    <dimen name="dip_648">324.0dp</dimen>
    <dimen name="dip_649">324.5dp</dimen>
    <dimen name="dip_650">325.0dp</dimen>
    <dimen name="dip_651">325.5dp</dimen>
    <dimen name="dip_652">326.0dp</dimen>
    <dimen name="dip_653">326.5dp</dimen>
    <dimen name="dip_654">327.0dp</dimen>
    <dimen name="dip_655">327.5dp</dimen>
    <dimen name="dip_656">328.0dp</dimen>
    <dimen name="dip_657">328.5dp</dimen>
    <dimen name="dip_658">329.0dp</dimen>
    <dimen name="dip_659">329.5dp</dimen>
    <dimen name="dip_660">330.0dp</dimen>
    <dimen name="dip_661">330.5dp</dimen>
    <dimen name="dip_662">331.0dp</dimen>
    <dimen name="dip_663">331.5dp</dimen>
    <dimen name="dip_664">332.0dp</dimen>
    <dimen name="dip_665">332.5dp</dimen>
    <dimen name="dip_666">333.0dp</dimen>
    <dimen name="dip_667">333.5dp</dimen>
    <dimen name="dip_668">334.0dp</dimen>
    <dimen name="dip_669">334.5dp</dimen>
    <dimen name="dip_670">335.0dp</dimen>
    <dimen name="dip_671">335.5dp</dimen>
    <dimen name="dip_672">336.0dp</dimen>
    <dimen name="dip_673">336.5dp</dimen>
    <dimen name="dip_674">337.0dp</dimen>
    <dimen name="dip_675">337.5dp</dimen>
    <dimen name="dip_676">338.0dp</dimen>
    <dimen name="dip_677">338.5dp</dimen>
    <dimen name="dip_678">339.0dp</dimen>
    <dimen name="dip_679">339.5dp</dimen>
    <dimen name="dip_680">340.0dp</dimen>
    <dimen name="dip_681">340.5dp</dimen>
    <dimen name="dip_682">341.0dp</dimen>
    <dimen name="dip_683">341.5dp</dimen>
    <dimen name="dip_684">342.0dp</dimen>
    <dimen name="dip_685">342.5dp</dimen>
    <dimen name="dip_686">343.0dp</dimen>
    <dimen name="dip_687">343.5dp</dimen>
    <dimen name="dip_688">344.0dp</dimen>
    <dimen name="dip_689">344.5dp</dimen>
    <dimen name="dip_690">345.0dp</dimen>
    <dimen name="dip_691">345.5dp</dimen>
    <dimen name="dip_692">346.0dp</dimen>
    <dimen name="dip_693">346.5dp</dimen>
    <dimen name="dip_694">347.0dp</dimen>
    <dimen name="dip_695">347.5dp</dimen>
    <dimen name="dip_696">348.0dp</dimen>
    <dimen name="dip_697">348.5dp</dimen>
    <dimen name="dip_698">349.0dp</dimen>
    <dimen name="dip_699">349.5dp</dimen>
    <dimen name="dip_700">350.0dp</dimen>
    <dimen name="dip_701">350.5dp</dimen>
    <dimen name="dip_702">351.0dp</dimen>
    <dimen name="dip_703">351.5dp</dimen>
    <dimen name="dip_704">352.0dp</dimen>
    <dimen name="dip_705">352.5dp</dimen>
    <dimen name="dip_706">353.0dp</dimen>
    <dimen name="dip_707">353.5dp</dimen>
    <dimen name="dip_708">354.0dp</dimen>
    <dimen name="dip_709">354.5dp</dimen>
    <dimen name="dip_710">355.0dp</dimen>
    <dimen name="dip_711">355.5dp</dimen>
    <dimen name="dip_712">356.0dp</dimen>
    <dimen name="dip_713">356.5dp</dimen>
    <dimen name="dip_714">357.0dp</dimen>
    <dimen name="dip_715">357.5dp</dimen>
    <dimen name="dip_716">358.0dp</dimen>
    <dimen name="dip_717">358.5dp</dimen>
    <dimen name="dip_718">359.0dp</dimen>
    <dimen name="dip_719">359.5dp</dimen>
    <dimen name="dip_720">360.0dp</dimen>
    <dimen name="dip_721">360.5dp</dimen>
    <dimen name="dip_722">361.0dp</dimen>
    <dimen name="dip_723">361.5dp</dimen>
    <dimen name="dip_724">362.0dp</dimen>
    <dimen name="dip_725">362.5dp</dimen>
    <dimen name="dip_726">363.0dp</dimen>
    <dimen name="dip_727">363.5dp</dimen>
    <dimen name="dip_728">364.0dp</dimen>
    <dimen name="dip_729">364.5dp</dimen>
    <dimen name="dip_730">365.0dp</dimen>
    <dimen name="dip_731">365.5dp</dimen>
    <dimen name="dip_732">366.0dp</dimen>
    <dimen name="dip_733">366.5dp</dimen>
    <dimen name="dip_734">367.0dp</dimen>
    <dimen name="dip_735">367.5dp</dimen>
    <dimen name="dip_736">368.0dp</dimen>
    <dimen name="dip_737">368.5dp</dimen>
    <dimen name="dip_738">369.0dp</dimen>
    <dimen name="dip_739">369.5dp</dimen>
    <dimen name="dip_740">370.0dp</dimen>
    <dimen name="dip_741">370.5dp</dimen>
    <dimen name="dip_742">371.0dp</dimen>
    <dimen name="dip_743">371.5dp</dimen>
    <dimen name="dip_744">372.0dp</dimen>
    <dimen name="dip_745">372.5dp</dimen>
    <dimen name="dip_746">373.0dp</dimen>
    <dimen name="dip_747">373.5dp</dimen>
    <dimen name="dip_748">374.0dp</dimen>
    <dimen name="dip_749">374.5dp</dimen>
    <dimen name="dip_750">375.0dp</dimen>
    <dimen name="dip_751">375.5dp</dimen>
    <dimen name="dip_752">376.0dp</dimen>
    <dimen name="dip_753">376.5dp</dimen>
    <dimen name="dip_754">377.0dp</dimen>
    <dimen name="dip_755">377.5dp</dimen>
    <dimen name="dip_756">378.0dp</dimen>
    <dimen name="dip_757">378.5dp</dimen>
    <dimen name="dip_758">379.0dp</dimen>
    <dimen name="dip_759">379.5dp</dimen>
    <dimen name="dip_760">380.0dp</dimen>
    <dimen name="dip_761">380.5dp</dimen>
    <dimen name="dip_762">381.0dp</dimen>
    <dimen name="dip_763">381.5dp</dimen>
    <dimen name="dip_764">382.0dp</dimen>
    <dimen name="dip_765">382.5dp</dimen>
    <dimen name="dip_766">383.0dp</dimen>
    <dimen name="dip_767">383.5dp</dimen>
    <dimen name="dip_768">384.0dp</dimen>
    <dimen name="dip_769">384.5dp</dimen>
    <dimen name="dip_770">385.0dp</dimen>
    <dimen name="dip_771">385.5dp</dimen>
    <dimen name="dip_772">386.0dp</dimen>
    <dimen name="dip_773">386.5dp</dimen>
    <dimen name="dip_774">387.0dp</dimen>
    <dimen name="dip_775">387.5dp</dimen>
    <dimen name="dip_776">388.0dp</dimen>
    <dimen name="dip_777">388.5dp</dimen>
    <dimen name="dip_778">389.0dp</dimen>
    <dimen name="dip_779">389.5dp</dimen>
    <dimen name="dip_780">390.0dp</dimen>
    <dimen name="dip_781">390.5dp</dimen>
    <dimen name="dip_782">391.0dp</dimen>
    <dimen name="dip_783">391.5dp</dimen>
    <dimen name="dip_784">392.0dp</dimen>
    <dimen name="dip_785">392.5dp</dimen>
    <dimen name="dip_786">393.0dp</dimen>
    <dimen name="dip_787">393.5dp</dimen>
    <dimen name="dip_788">394.0dp</dimen>
    <dimen name="dip_789">394.5dp</dimen>
    <dimen name="dip_790">395.0dp</dimen>
    <dimen name="dip_791">395.5dp</dimen>
    <dimen name="dip_792">396.0dp</dimen>
    <dimen name="dip_793">396.5dp</dimen>
    <dimen name="dip_794">397.0dp</dimen>
    <dimen name="dip_795">397.5dp</dimen>
    <dimen name="dip_796">398.0dp</dimen>
    <dimen name="dip_797">398.5dp</dimen>
    <dimen name="dip_798">399.0dp</dimen>
    <dimen name="dip_799">399.5dp</dimen>
    <dimen name="dip_800">400.0dp</dimen>
    <dimen name="dip_801">400.5dp</dimen>
    <dimen name="dip_802">401.0dp</dimen>
    <dimen name="dip_803">401.5dp</dimen>
    <dimen name="dip_804">402.0dp</dimen>
    <dimen name="dip_805">402.5dp</dimen>
    <dimen name="dip_806">403.0dp</dimen>
    <dimen name="dip_807">403.5dp</dimen>
    <dimen name="dip_808">404.0dp</dimen>
    <dimen name="dip_809">404.5dp</dimen>
    <dimen name="dip_810">405.0dp</dimen>
    <dimen name="dip_811">405.5dp</dimen>
    <dimen name="dip_812">406.0dp</dimen>
    <dimen name="dip_813">406.5dp</dimen>
    <dimen name="dip_814">407.0dp</dimen>
    <dimen name="dip_815">407.5dp</dimen>
    <dimen name="dip_816">408.0dp</dimen>
    <dimen name="dip_817">408.5dp</dimen>
    <dimen name="dip_818">409.0dp</dimen>
    <dimen name="dip_819">409.5dp</dimen>
    <dimen name="dip_820">410.0dp</dimen>
    <dimen name="dip_821">410.5dp</dimen>
    <dimen name="dip_822">411.0dp</dimen>
    <dimen name="dip_823">411.5dp</dimen>
    <dimen name="dip_824">412.0dp</dimen>
    <dimen name="dip_825">412.5dp</dimen>
    <dimen name="dip_826">413.0dp</dimen>
    <dimen name="dip_827">413.5dp</dimen>
    <dimen name="dip_828">414.0dp</dimen>
    <dimen name="dip_829">414.5dp</dimen>
    <dimen name="dip_830">415.0dp</dimen>
    <dimen name="dip_831">415.5dp</dimen>
    <dimen name="dip_832">416.0dp</dimen>
    <dimen name="dip_833">416.5dp</dimen>
    <dimen name="dip_834">417.0dp</dimen>
    <dimen name="dip_835">417.5dp</dimen>
    <dimen name="dip_836">418.0dp</dimen>
    <dimen name="dip_837">418.5dp</dimen>
    <dimen name="dip_838">419.0dp</dimen>
    <dimen name="dip_839">419.5dp</dimen>
    <dimen name="dip_840">420.0dp</dimen>
    <dimen name="dip_841">420.5dp</dimen>
    <dimen name="dip_842">421.0dp</dimen>
    <dimen name="dip_843">421.5dp</dimen>
    <dimen name="dip_844">422.0dp</dimen>
    <dimen name="dip_845">422.5dp</dimen>
    <dimen name="dip_846">423.0dp</dimen>
    <dimen name="dip_847">423.5dp</dimen>
    <dimen name="dip_848">424.0dp</dimen>
    <dimen name="dip_849">424.5dp</dimen>
    <dimen name="dip_850">425.0dp</dimen>
    <dimen name="dip_851">425.5dp</dimen>
    <dimen name="dip_852">426.0dp</dimen>
    <dimen name="dip_853">426.5dp</dimen>
    <dimen name="dip_854">427.0dp</dimen>
    <dimen name="dip_855">427.5dp</dimen>
    <dimen name="dip_856">428.0dp</dimen>
    <dimen name="dip_857">428.5dp</dimen>
    <dimen name="dip_858">429.0dp</dimen>
    <dimen name="dip_859">429.5dp</dimen>
    <dimen name="dip_860">430.0dp</dimen>
    <dimen name="dip_861">430.5dp</dimen>
    <dimen name="dip_862">431.0dp</dimen>
    <dimen name="dip_863">431.5dp</dimen>
    <dimen name="dip_864">432.0dp</dimen>
    <dimen name="dip_865">432.5dp</dimen>
    <dimen name="dip_866">433.0dp</dimen>
    <dimen name="dip_867">433.5dp</dimen>
    <dimen name="dip_868">434.0dp</dimen>
    <dimen name="dip_869">434.5dp</dimen>
    <dimen name="dip_870">435.0dp</dimen>
    <dimen name="dip_871">435.5dp</dimen>
    <dimen name="dip_872">436.0dp</dimen>
    <dimen name="dip_873">436.5dp</dimen>
    <dimen name="dip_874">437.0dp</dimen>
    <dimen name="dip_875">437.5dp</dimen>
    <dimen name="dip_876">438.0dp</dimen>
    <dimen name="dip_877">438.5dp</dimen>
    <dimen name="dip_878">439.0dp</dimen>
    <dimen name="dip_879">439.5dp</dimen>
    <dimen name="dip_880">440.0dp</dimen>
    <dimen name="dip_881">440.5dp</dimen>
    <dimen name="dip_882">441.0dp</dimen>
    <dimen name="dip_883">441.5dp</dimen>
    <dimen name="dip_884">442.0dp</dimen>
    <dimen name="dip_885">442.5dp</dimen>
    <dimen name="dip_886">443.0dp</dimen>
    <dimen name="dip_887">443.5dp</dimen>
    <dimen name="dip_888">444.0dp</dimen>
    <dimen name="dip_889">444.5dp</dimen>
    <dimen name="dip_890">445.0dp</dimen>
    <dimen name="dip_891">445.5dp</dimen>
    <dimen name="dip_892">446.0dp</dimen>
    <dimen name="dip_893">446.5dp</dimen>
    <dimen name="dip_894">447.0dp</dimen>
    <dimen name="dip_895">447.5dp</dimen>
    <dimen name="dip_896">448.0dp</dimen>
    <dimen name="dip_897">448.5dp</dimen>
    <dimen name="dip_898">449.0dp</dimen>
    <dimen name="dip_899">449.5dp</dimen>
    <dimen name="dip_900">450.0dp</dimen>
    <dimen name="dip_901">450.5dp</dimen>
    <dimen name="dip_902">451.0dp</dimen>
    <dimen name="dip_903">451.5dp</dimen>
    <dimen name="dip_904">452.0dp</dimen>
    <dimen name="dip_905">452.5dp</dimen>
    <dimen name="dip_906">453.0dp</dimen>
    <dimen name="dip_907">453.5dp</dimen>
    <dimen name="dip_908">454.0dp</dimen>
    <dimen name="dip_909">454.5dp</dimen>
    <dimen name="dip_910">455.0dp</dimen>
    <dimen name="dip_911">455.5dp</dimen>
    <dimen name="dip_912">456.0dp</dimen>
    <dimen name="dip_913">456.5dp</dimen>
    <dimen name="dip_914">457.0dp</dimen>
    <dimen name="dip_915">457.5dp</dimen>
    <dimen name="dip_916">458.0dp</dimen>
    <dimen name="dip_917">458.5dp</dimen>
    <dimen name="dip_918">459.0dp</dimen>
    <dimen name="dip_919">459.5dp</dimen>
    <dimen name="dip_920">460.0dp</dimen>
    <dimen name="dip_921">460.5dp</dimen>
    <dimen name="dip_922">461.0dp</dimen>
    <dimen name="dip_923">461.5dp</dimen>
    <dimen name="dip_924">462.0dp</dimen>
    <dimen name="dip_925">462.5dp</dimen>
    <dimen name="dip_926">463.0dp</dimen>
    <dimen name="dip_927">463.5dp</dimen>
    <dimen name="dip_928">464.0dp</dimen>
    <dimen name="dip_929">464.5dp</dimen>
    <dimen name="dip_930">465.0dp</dimen>
    <dimen name="dip_931">465.5dp</dimen>
    <dimen name="dip_932">466.0dp</dimen>
    <dimen name="dip_933">466.5dp</dimen>
    <dimen name="dip_934">467.0dp</dimen>
    <dimen name="dip_935">467.5dp</dimen>
    <dimen name="dip_936">468.0dp</dimen>
    <dimen name="dip_937">468.5dp</dimen>
    <dimen name="dip_938">469.0dp</dimen>
    <dimen name="dip_939">469.5dp</dimen>
    <dimen name="dip_940">470.0dp</dimen>
    <dimen name="dip_941">470.5dp</dimen>
    <dimen name="dip_942">471.0dp</dimen>
    <dimen name="dip_943">471.5dp</dimen>
    <dimen name="dip_944">472.0dp</dimen>
    <dimen name="dip_945">472.5dp</dimen>
    <dimen name="dip_946">473.0dp</dimen>
    <dimen name="dip_947">473.5dp</dimen>
    <dimen name="dip_948">474.0dp</dimen>
    <dimen name="dip_949">474.5dp</dimen>
    <dimen name="dip_950">475.0dp</dimen>
    <dimen name="dip_951">475.5dp</dimen>
    <dimen name="dip_952">476.0dp</dimen>
    <dimen name="dip_953">476.5dp</dimen>
    <dimen name="dip_954">477.0dp</dimen>
    <dimen name="dip_955">477.5dp</dimen>
    <dimen name="dip_956">478.0dp</dimen>
    <dimen name="dip_957">478.5dp</dimen>
    <dimen name="dip_958">479.0dp</dimen>
    <dimen name="dip_959">479.5dp</dimen>
    <dimen name="dip_960">480.0dp</dimen>
    <dimen name="dip_961">480.5dp</dimen>
    <dimen name="dip_962">481.0dp</dimen>
    <dimen name="dip_963">481.5dp</dimen>
    <dimen name="dip_964">482.0dp</dimen>
    <dimen name="dip_965">482.5dp</dimen>
    <dimen name="dip_966">483.0dp</dimen>
    <dimen name="dip_967">483.5dp</dimen>
    <dimen name="dip_968">484.0dp</dimen>
    <dimen name="dip_969">484.5dp</dimen>
    <dimen name="dip_970">485.0dp</dimen>
    <dimen name="dip_971">485.5dp</dimen>
    <dimen name="dip_972">486.0dp</dimen>
    <dimen name="dip_973">486.5dp</dimen>
    <dimen name="dip_974">487.0dp</dimen>
    <dimen name="dip_975">487.5dp</dimen>
    <dimen name="dip_976">488.0dp</dimen>
    <dimen name="dip_977">488.5dp</dimen>
    <dimen name="dip_978">489.0dp</dimen>
    <dimen name="dip_979">489.5dp</dimen>
    <dimen name="dip_980">490.0dp</dimen>
    <dimen name="dip_981">490.5dp</dimen>
    <dimen name="dip_982">491.0dp</dimen>
    <dimen name="dip_983">491.5dp</dimen>
    <dimen name="dip_984">492.0dp</dimen>
    <dimen name="dip_985">492.5dp</dimen>
    <dimen name="dip_986">493.0dp</dimen>
    <dimen name="dip_987">493.5dp</dimen>
    <dimen name="dip_988">494.0dp</dimen>
    <dimen name="dip_989">494.5dp</dimen>
    <dimen name="dip_990">495.0dp</dimen>
    <dimen name="dip_991">495.5dp</dimen>
    <dimen name="dip_992">496.0dp</dimen>
    <dimen name="dip_993">496.5dp</dimen>
    <dimen name="dip_994">497.0dp</dimen>
    <dimen name="dip_995">497.5dp</dimen>
    <dimen name="dip_996">498.0dp</dimen>
    <dimen name="dip_997">498.5dp</dimen>
    <dimen name="dip_998">499.0dp</dimen>
    <dimen name="dip_999">499.5dp</dimen>
    <dimen name="dip_1000">500.0dp</dimen>
    <dimen name="dip_1001">500.5dp</dimen>
    <dimen name="dip_1002">501.0dp</dimen>
    <dimen name="dip_1003">501.5dp</dimen>
    <dimen name="dip_1004">502.0dp</dimen>
    <dimen name="dip_1005">502.5dp</dimen>
    <dimen name="dip_1006">503.0dp</dimen>
    <dimen name="dip_1007">503.5dp</dimen>
    <dimen name="dip_1008">504.0dp</dimen>
    <dimen name="dip_1009">504.5dp</dimen>
    <dimen name="dip_1010">505.0dp</dimen>
    <dimen name="dip_1011">505.5dp</dimen>
    <dimen name="dip_1012">506.0dp</dimen>
    <dimen name="dip_1013">506.5dp</dimen>
    <dimen name="dip_1014">507.0dp</dimen>
    <dimen name="dip_1015">507.5dp</dimen>
    <dimen name="dip_1016">508.0dp</dimen>
    <dimen name="dip_1017">508.5dp</dimen>
    <dimen name="dip_1018">509.0dp</dimen>
    <dimen name="dip_1019">509.5dp</dimen>
    <dimen name="dip_1020">510.0dp</dimen>
    <dimen name="dip_1021">510.5dp</dimen>
    <dimen name="dip_1022">511.0dp</dimen>
    <dimen name="dip_1023">511.5dp</dimen>
    <dimen name="dip_1024">512.0dp</dimen>
    <dimen name="dip_1025">512.5dp</dimen>
    <dimen name="dip_1026">513.0dp</dimen>
    <dimen name="dip_1027">513.5dp</dimen>
    <dimen name="dip_1028">514.0dp</dimen>
    <dimen name="dip_1029">514.5dp</dimen>
    <dimen name="dip_1030">515.0dp</dimen>
    <dimen name="dip_1031">515.5dp</dimen>
    <dimen name="dip_1032">516.0dp</dimen>
    <dimen name="dip_1033">516.5dp</dimen>
    <dimen name="dip_1034">517.0dp</dimen>
    <dimen name="dip_1035">517.5dp</dimen>
    <dimen name="dip_1036">518.0dp</dimen>
    <dimen name="dip_1037">518.5dp</dimen>
    <dimen name="dip_1038">519.0dp</dimen>
    <dimen name="dip_1039">519.5dp</dimen>
    <dimen name="dip_1040">520.0dp</dimen>
    <dimen name="dip_1041">520.5dp</dimen>
    <dimen name="dip_1042">521.0dp</dimen>
    <dimen name="dip_1043">521.5dp</dimen>
    <dimen name="dip_1044">522.0dp</dimen>
    <dimen name="dip_1045">522.5dp</dimen>
    <dimen name="dip_1046">523.0dp</dimen>
    <dimen name="dip_1047">523.5dp</dimen>
    <dimen name="dip_1048">524.0dp</dimen>
    <dimen name="dip_1049">524.5dp</dimen>
    <dimen name="dip_1050">525.0dp</dimen>
    <dimen name="dip_1051">525.5dp</dimen>
    <dimen name="dip_1052">526.0dp</dimen>
    <dimen name="dip_1053">526.5dp</dimen>
    <dimen name="dip_1054">527.0dp</dimen>
    <dimen name="dip_1055">527.5dp</dimen>
    <dimen name="dip_1056">528.0dp</dimen>
    <dimen name="dip_1057">528.5dp</dimen>
    <dimen name="dip_1058">529.0dp</dimen>
    <dimen name="dip_1059">529.5dp</dimen>
    <dimen name="dip_1060">530.0dp</dimen>
    <dimen name="dip_1061">530.5dp</dimen>
    <dimen name="dip_1062">531.0dp</dimen>
    <dimen name="dip_1063">531.5dp</dimen>
    <dimen name="dip_1064">532.0dp</dimen>
    <dimen name="dip_1065">532.5dp</dimen>
    <dimen name="dip_1066">533.0dp</dimen>
    <dimen name="dip_1067">533.5dp</dimen>
    <dimen name="dip_1068">534.0dp</dimen>
    <dimen name="dip_1069">534.5dp</dimen>
    <dimen name="dip_1070">535.0dp</dimen>
    <dimen name="dip_1071">535.5dp</dimen>
    <dimen name="dip_1072">536.0dp</dimen>
    <dimen name="dip_1073">536.5dp</dimen>
    <dimen name="dip_1074">537.0dp</dimen>
    <dimen name="dip_1075">537.5dp</dimen>
    <dimen name="dip_1076">538.0dp</dimen>
    <dimen name="dip_1077">538.5dp</dimen>
    <dimen name="dip_1078">539.0dp</dimen>
    <dimen name="dip_1079">539.5dp</dimen>
    <dimen name="dip_1080">540.0dp</dimen>
    <dimen name="dip_1081">540.5dp</dimen>
    <dimen name="dip_1082">541.0dp</dimen>
    <dimen name="dip_1083">541.5dp</dimen>
    <dimen name="dip_1084">542.0dp</dimen>
    <dimen name="dip_1085">542.5dp</dimen>
    <dimen name="dip_1086">543.0dp</dimen>
    <dimen name="dip_1087">543.5dp</dimen>
    <dimen name="dip_1088">544.0dp</dimen>
    <dimen name="dip_1089">544.5dp</dimen>
    <dimen name="dip_1090">545.0dp</dimen>
    <dimen name="dip_1091">545.5dp</dimen>
    <dimen name="dip_1092">546.0dp</dimen>
    <dimen name="dip_1093">546.5dp</dimen>
    <dimen name="dip_1094">547.0dp</dimen>
    <dimen name="dip_1095">547.5dp</dimen>
    <dimen name="dip_1096">548.0dp</dimen>
    <dimen name="dip_1097">548.5dp</dimen>
    <dimen name="dip_1098">549.0dp</dimen>
    <dimen name="dip_1099">549.5dp</dimen>
    <dimen name="dip_1100">550.0dp</dimen>
    <dimen name="dip_1101">550.5dp</dimen>
    <dimen name="dip_1102">551.0dp</dimen>
    <dimen name="dip_1103">551.5dp</dimen>
    <dimen name="dip_1104">552.0dp</dimen>
    <dimen name="dip_1105">552.5dp</dimen>
    <dimen name="dip_1106">553.0dp</dimen>
    <dimen name="dip_1107">553.5dp</dimen>
    <dimen name="dip_1108">554.0dp</dimen>
    <dimen name="dip_1109">554.5dp</dimen>
    <dimen name="dip_1110">555.0dp</dimen>
    <dimen name="dip_1111">555.5dp</dimen>
    <dimen name="dip_1112">556.0dp</dimen>
    <dimen name="dip_1113">556.5dp</dimen>
    <dimen name="dip_1114">557.0dp</dimen>
    <dimen name="dip_1115">557.5dp</dimen>
    <dimen name="dip_1116">558.0dp</dimen>
    <dimen name="dip_1117">558.5dp</dimen>
    <dimen name="dip_1118">559.0dp</dimen>
    <dimen name="dip_1119">559.5dp</dimen>
    <dimen name="dip_1120">560.0dp</dimen>
    <dimen name="dip_1121">560.5dp</dimen>
    <dimen name="dip_1122">561.0dp</dimen>
    <dimen name="dip_1123">561.5dp</dimen>
    <dimen name="dip_1124">562.0dp</dimen>
    <dimen name="dip_1125">562.5dp</dimen>
    <dimen name="dip_1126">563.0dp</dimen>
    <dimen name="dip_1127">563.5dp</dimen>
    <dimen name="dip_1128">564.0dp</dimen>
    <dimen name="dip_1129">564.5dp</dimen>
    <dimen name="dip_1130">565.0dp</dimen>
    <dimen name="dip_1131">565.5dp</dimen>
    <dimen name="dip_1132">566.0dp</dimen>
    <dimen name="dip_1133">566.5dp</dimen>
    <dimen name="dip_1134">567.0dp</dimen>
    <dimen name="dip_1135">567.5dp</dimen>
    <dimen name="dip_1136">568.0dp</dimen>
    <dimen name="dip_1137">568.5dp</dimen>
    <dimen name="dip_1138">569.0dp</dimen>
    <dimen name="dip_1139">569.5dp</dimen>
    <dimen name="dip_1140">570.0dp</dimen>
    <dimen name="dip_1141">570.5dp</dimen>
    <dimen name="dip_1142">571.0dp</dimen>
    <dimen name="dip_1143">571.5dp</dimen>
    <dimen name="dip_1144">572.0dp</dimen>
    <dimen name="dip_1145">572.5dp</dimen>
    <dimen name="dip_1146">573.0dp</dimen>
    <dimen name="dip_1147">573.5dp</dimen>
    <dimen name="dip_1148">574.0dp</dimen>
    <dimen name="dip_1149">574.5dp</dimen>
    <dimen name="dip_1150">575.0dp</dimen>
    <dimen name="dip_1151">575.5dp</dimen>
    <dimen name="dip_1152">576.0dp</dimen>
    <dimen name="dip_1153">576.5dp</dimen>
    <dimen name="dip_1154">577.0dp</dimen>
    <dimen name="dip_1155">577.5dp</dimen>
    <dimen name="dip_1156">578.0dp</dimen>
    <dimen name="dip_1157">578.5dp</dimen>
    <dimen name="dip_1158">579.0dp</dimen>
    <dimen name="dip_1159">579.5dp</dimen>
    <dimen name="dip_1160">580.0dp</dimen>
    <dimen name="dip_1161">580.5dp</dimen>
    <dimen name="dip_1162">581.0dp</dimen>
    <dimen name="dip_1163">581.5dp</dimen>
    <dimen name="dip_1164">582.0dp</dimen>
    <dimen name="dip_1165">582.5dp</dimen>
    <dimen name="dip_1166">583.0dp</dimen>
    <dimen name="dip_1167">583.5dp</dimen>
    <dimen name="dip_1168">584.0dp</dimen>
    <dimen name="dip_1169">584.5dp</dimen>
    <dimen name="dip_1170">585.0dp</dimen>
    <dimen name="dip_1171">585.5dp</dimen>
    <dimen name="dip_1172">586.0dp</dimen>
    <dimen name="dip_1173">586.5dp</dimen>
    <dimen name="dip_1174">587.0dp</dimen>
    <dimen name="dip_1175">587.5dp</dimen>
    <dimen name="dip_1176">588.0dp</dimen>
    <dimen name="dip_1177">588.5dp</dimen>
    <dimen name="dip_1178">589.0dp</dimen>
    <dimen name="dip_1179">589.5dp</dimen>
    <dimen name="dip_1180">590.0dp</dimen>
    <dimen name="dip_1181">590.5dp</dimen>
    <dimen name="dip_1182">591.0dp</dimen>
    <dimen name="dip_1183">591.5dp</dimen>
    <dimen name="dip_1184">592.0dp</dimen>
    <dimen name="dip_1185">592.5dp</dimen>
    <dimen name="dip_1186">593.0dp</dimen>
    <dimen name="dip_1187">593.5dp</dimen>
    <dimen name="dip_1188">594.0dp</dimen>
    <dimen name="dip_1189">594.5dp</dimen>
    <dimen name="dip_1190">595.0dp</dimen>
    <dimen name="dip_1191">595.5dp</dimen>
    <dimen name="dip_1192">596.0dp</dimen>
    <dimen name="dip_1193">596.5dp</dimen>
    <dimen name="dip_1194">597.0dp</dimen>
    <dimen name="dip_1195">597.5dp</dimen>
    <dimen name="dip_1196">598.0dp</dimen>
    <dimen name="dip_1197">598.5dp</dimen>
    <dimen name="dip_1198">599.0dp</dimen>
    <dimen name="dip_1199">599.5dp</dimen>
    <dimen name="dip_1200">600.0dp</dimen>
    <dimen name="dip_1201">600.5dp</dimen>
    <dimen name="dip_1202">601.0dp</dimen>
    <dimen name="dip_1203">601.5dp</dimen>
    <dimen name="dip_1204">602.0dp</dimen>
    <dimen name="dip_1205">602.5dp</dimen>
    <dimen name="dip_1206">603.0dp</dimen>
    <dimen name="dip_1207">603.5dp</dimen>
    <dimen name="dip_1208">604.0dp</dimen>
    <dimen name="dip_1209">604.5dp</dimen>
    <dimen name="dip_1210">605.0dp</dimen>
    <dimen name="dip_1211">605.5dp</dimen>
    <dimen name="dip_1212">606.0dp</dimen>
    <dimen name="dip_1213">606.5dp</dimen>
    <dimen name="dip_1214">607.0dp</dimen>
    <dimen name="dip_1215">607.5dp</dimen>
    <dimen name="dip_1216">608.0dp</dimen>
    <dimen name="dip_1217">608.5dp</dimen>
    <dimen name="dip_1218">609.0dp</dimen>
    <dimen name="dip_1219">609.5dp</dimen>
    <dimen name="dip_1220">610.0dp</dimen>
    <dimen name="dip_1221">610.5dp</dimen>
    <dimen name="dip_1222">611.0dp</dimen>
    <dimen name="dip_1223">611.5dp</dimen>
    <dimen name="dip_1224">612.0dp</dimen>
    <dimen name="dip_1225">612.5dp</dimen>
    <dimen name="dip_1226">613.0dp</dimen>
    <dimen name="dip_1227">613.5dp</dimen>
    <dimen name="dip_1228">614.0dp</dimen>
    <dimen name="dip_1229">614.5dp</dimen>
    <dimen name="dip_1230">615.0dp</dimen>
    <dimen name="dip_1231">615.5dp</dimen>
    <dimen name="dip_1232">616.0dp</dimen>
    <dimen name="dip_1233">616.5dp</dimen>
    <dimen name="dip_1234">617.0dp</dimen>
    <dimen name="dip_1235">617.5dp</dimen>
    <dimen name="dip_1236">618.0dp</dimen>
    <dimen name="dip_1237">618.5dp</dimen>
    <dimen name="dip_1238">619.0dp</dimen>
    <dimen name="dip_1239">619.5dp</dimen>
    <dimen name="dip_1240">620.0dp</dimen>
    <dimen name="dip_1241">620.5dp</dimen>
    <dimen name="dip_1242">621.0dp</dimen>
    <dimen name="dip_1243">621.5dp</dimen>
    <dimen name="dip_1244">622.0dp</dimen>
    <dimen name="dip_1245">622.5dp</dimen>
    <dimen name="dip_1246">623.0dp</dimen>
    <dimen name="dip_1247">623.5dp</dimen>
    <dimen name="dip_1248">624.0dp</dimen>
    <dimen name="dip_1249">624.5dp</dimen>
    <dimen name="dip_1250">625.0dp</dimen>
    <dimen name="dip_1251">625.5dp</dimen>
    <dimen name="dip_1252">626.0dp</dimen>
    <dimen name="dip_1253">626.5dp</dimen>
    <dimen name="dip_1254">627.0dp</dimen>
    <dimen name="dip_1255">627.5dp</dimen>
    <dimen name="dip_1256">628.0dp</dimen>
    <dimen name="dip_1257">628.5dp</dimen>
    <dimen name="dip_1258">629.0dp</dimen>
    <dimen name="dip_1259">629.5dp</dimen>
    <dimen name="dip_1260">630.0dp</dimen>
    <dimen name="dip_1261">630.5dp</dimen>
    <dimen name="dip_1262">631.0dp</dimen>
    <dimen name="dip_1263">631.5dp</dimen>
    <dimen name="dip_1264">632.0dp</dimen>
    <dimen name="dip_1265">632.5dp</dimen>
    <dimen name="dip_1266">633.0dp</dimen>
    <dimen name="dip_1267">633.5dp</dimen>
    <dimen name="dip_1268">634.0dp</dimen>
    <dimen name="dip_1269">634.5dp</dimen>
    <dimen name="dip_1270">635.0dp</dimen>
    <dimen name="dip_1271">635.5dp</dimen>
    <dimen name="dip_1272">636.0dp</dimen>
    <dimen name="dip_1273">636.5dp</dimen>
    <dimen name="dip_1274">637.0dp</dimen>
    <dimen name="dip_1275">637.5dp</dimen>
    <dimen name="dip_1276">638.0dp</dimen>
    <dimen name="dip_1277">638.5dp</dimen>
    <dimen name="dip_1278">639.0dp</dimen>
    <dimen name="dip_1279">639.5dp</dimen>
    <dimen name="dip_1280">640.0dp</dimen>
    <dimen name="dip_1281">640.5dp</dimen>
    <dimen name="dip_1282">641.0dp</dimen>
    <dimen name="dip_1283">641.5dp</dimen>
    <dimen name="dip_1284">642.0dp</dimen>
    <dimen name="dip_1285">642.5dp</dimen>
    <dimen name="dip_1286">643.0dp</dimen>
    <dimen name="dip_1287">643.5dp</dimen>
    <dimen name="dip_1288">644.0dp</dimen>
    <dimen name="dip_1289">644.5dp</dimen>
    <dimen name="dip_1290">645.0dp</dimen>
    <dimen name="dip_1291">645.5dp</dimen>
    <dimen name="dip_1292">646.0dp</dimen>
    <dimen name="dip_1293">646.5dp</dimen>
    <dimen name="dip_1294">647.0dp</dimen>
    <dimen name="dip_1295">647.5dp</dimen>
    <dimen name="dip_1296">648.0dp</dimen>
    <dimen name="dip_1297">648.5dp</dimen>
    <dimen name="dip_1298">649.0dp</dimen>
    <dimen name="dip_1299">649.5dp</dimen>
    <dimen name="dip_1300">650.0dp</dimen>
    <!-- 统一屏幕适配sp -->
    <dimen name="sp_1">0.5sp</dimen>
    <dimen name="sp_2">1.0sp</dimen>
    <dimen name="sp_3">1.5sp</dimen>
    <dimen name="sp_4">2.0sp</dimen>
    <dimen name="sp_5">2.5sp</dimen>
    <dimen name="sp_6">3.0sp</dimen>
    <dimen name="sp_7">3.5sp</dimen>
    <dimen name="sp_8">4.0sp</dimen>
    <dimen name="sp_9">4.5sp</dimen>
    <dimen name="sp_10">5.0sp</dimen>
    <dimen name="sp_11">5.5sp</dimen>
    <dimen name="sp_12">6.0sp</dimen>
    <dimen name="sp_13">6.5sp</dimen>
    <dimen name="sp_14">7.0sp</dimen>
    <dimen name="sp_15">7.5sp</dimen>
    <dimen name="sp_16">8.0sp</dimen>
    <dimen name="sp_17">8.5sp</dimen>
    <dimen name="sp_18">9.0sp</dimen>
    <dimen name="sp_19">9.5sp</dimen>
    <dimen name="sp_20">10.0sp</dimen>
    <dimen name="sp_21">10.5sp</dimen>
    <dimen name="sp_22">11.0sp</dimen>
    <dimen name="sp_23">11.5sp</dimen>
    <dimen name="sp_24">12.0sp</dimen>
    <dimen name="sp_25">12.5sp</dimen>
    <dimen name="sp_26">13.0sp</dimen>
    <dimen name="sp_27">13.5sp</dimen>
    <dimen name="sp_28">14.0sp</dimen>
    <dimen name="sp_29">14.5sp</dimen>
    <dimen name="sp_30">15.0sp</dimen>
    <dimen name="sp_31">15.5sp</dimen>
    <dimen name="sp_32">16.0sp</dimen>
    <dimen name="sp_33">16.5sp</dimen>
    <dimen name="sp_34">17.0sp</dimen>
    <dimen name="sp_35">17.5sp</dimen>
    <dimen name="sp_36">18.0sp</dimen>
    <dimen name="sp_37">18.5sp</dimen>
    <dimen name="sp_38">19.0sp</dimen>
    <dimen name="sp_39">19.5sp</dimen>
    <dimen name="sp_40">20.0sp</dimen>
    <dimen name="sp_41">20.5sp</dimen>
    <dimen name="sp_42">21.0sp</dimen>
    <dimen name="sp_43">21.5sp</dimen>
    <dimen name="sp_44">22.0sp</dimen>
    <dimen name="sp_45">22.5sp</dimen>
    <dimen name="sp_46">23.0sp</dimen>
    <dimen name="sp_47">23.5sp</dimen>
    <dimen name="sp_48">24.0sp</dimen>
    <dimen name="sp_49">24.5sp</dimen>
    <dimen name="sp_50">25.0sp</dimen>
    <dimen name="sp_51">25.5sp</dimen>
    <dimen name="sp_52">26.0sp</dimen>
    <dimen name="sp_53">26.5sp</dimen>
    <dimen name="sp_54">27.0sp</dimen>
    <dimen name="sp_55">27.5sp</dimen>
    <dimen name="sp_56">28.0sp</dimen>
    <dimen name="sp_57">28.5sp</dimen>
    <dimen name="sp_58">29.0sp</dimen>
    <dimen name="sp_59">29.5sp</dimen>
    <dimen name="sp_60">30.0sp</dimen>
    <dimen name="sp_61">30.5sp</dimen>
    <dimen name="sp_62">31.0sp</dimen>
    <dimen name="sp_63">31.5sp</dimen>
    <dimen name="sp_64">32.0sp</dimen>
    <dimen name="sp_65">32.5sp</dimen>
    <dimen name="sp_66">33.0sp</dimen>
    <dimen name="sp_67">33.5sp</dimen>
    <dimen name="sp_68">34.0sp</dimen>
    <dimen name="sp_69">34.5sp</dimen>
    <dimen name="sp_70">35.0sp</dimen>
    <dimen name="sp_71">35.5sp</dimen>
    <dimen name="sp_72">36.0sp</dimen>
    <dimen name="sp_73">36.5sp</dimen>
    <dimen name="sp_74">37.0sp</dimen>
    <dimen name="sp_75">37.5sp</dimen>
    <dimen name="sp_76">38.0sp</dimen>
    <dimen name="sp_77">38.5sp</dimen>
    <dimen name="sp_78">39.0sp</dimen>
    <dimen name="sp_79">39.5sp</dimen>
    <dimen name="sp_80">40.0sp</dimen>
    <dimen name="sp_81">40.5sp</dimen>
    <dimen name="sp_82">41.0sp</dimen>
    <dimen name="sp_83">41.5sp</dimen>
    <dimen name="sp_84">42.0sp</dimen>
    <dimen name="sp_85">42.5sp</dimen>
    <dimen name="sp_86">43.0sp</dimen>
    <dimen name="sp_87">43.5sp</dimen>
    <dimen name="sp_88">44.0sp</dimen>
    <dimen name="sp_89">44.5sp</dimen>
    <dimen name="sp_90">45.0sp</dimen>
    <dimen name="sp_91">45.5sp</dimen>
    <dimen name="sp_92">46.0sp</dimen>
    <dimen name="sp_93">46.5sp</dimen>
    <dimen name="sp_94">47.0sp</dimen>
    <dimen name="sp_95">47.5sp</dimen>
    <dimen name="sp_96">48.0sp</dimen>
    <dimen name="sp_97">48.5sp</dimen>
    <dimen name="sp_98">49.0sp</dimen>
    <dimen name="sp_99">49.5sp</dimen>
    <dimen name="sp_100">50.0sp</dimen>
    <dimen name="sp_101">50.5sp</dimen>
    <dimen name="sp_102">51.0sp</dimen>
    <dimen name="sp_103">51.5sp</dimen>
    <dimen name="sp_104">52.0sp</dimen>
    <dimen name="sp_105">52.5sp</dimen>
    <dimen name="sp_106">53.0sp</dimen>
    <dimen name="sp_107">53.5sp</dimen>
    <dimen name="sp_108">54.0sp</dimen>
    <dimen name="sp_109">54.5sp</dimen>
    <dimen name="sp_110">55.0sp</dimen>
    <dimen name="sp_111">55.5sp</dimen>
    <dimen name="sp_112">56.0sp</dimen>
    <dimen name="sp_113">56.5sp</dimen>
    <dimen name="sp_114">57.0sp</dimen>
    <dimen name="sp_115">57.5sp</dimen>
    <dimen name="sp_116">58.0sp</dimen>
    <dimen name="sp_117">58.5sp</dimen>
    <dimen name="sp_118">59.0sp</dimen>
    <dimen name="sp_119">59.5sp</dimen>
    <dimen name="sp_120">60.0sp</dimen>
    <dimen name="sp_121">60.5sp</dimen>
    <dimen name="sp_122">61.0sp</dimen>
    <dimen name="sp_123">61.5sp</dimen>
    <dimen name="sp_124">62.0sp</dimen>
    <dimen name="sp_125">62.5sp</dimen>
    <dimen name="sp_126">63.0sp</dimen>
    <dimen name="sp_127">63.5sp</dimen>
    <dimen name="sp_128">64.0sp</dimen>
    <dimen name="sp_129">64.5sp</dimen>
    <dimen name="sp_130">65.0sp</dimen>
    <dimen name="sp_131">65.5sp</dimen>
    <dimen name="sp_132">66.0sp</dimen>
    <dimen name="sp_133">66.5sp</dimen>
    <dimen name="sp_134">67.0sp</dimen>
    <dimen name="sp_135">67.5sp</dimen>
    <dimen name="sp_136">68.0sp</dimen>
    <dimen name="sp_137">68.5sp</dimen>
    <dimen name="sp_138">69.0sp</dimen>
    <dimen name="sp_139">69.5sp</dimen>
    <dimen name="sp_140">70.0sp</dimen>
    <dimen name="sp_141">70.5sp</dimen>
    <dimen name="sp_142">71.0sp</dimen>
    <dimen name="sp_143">71.5sp</dimen>
    <dimen name="sp_144">72.0sp</dimen>
    <dimen name="sp_145">72.5sp</dimen>
    <dimen name="sp_146">73.0sp</dimen>
    <dimen name="sp_147">73.5sp</dimen>
    <dimen name="sp_148">74.0sp</dimen>
    <dimen name="sp_149">74.5sp</dimen>
    <dimen name="sp_150">75.0sp</dimen>
    <dimen name="sp_151">75.5sp</dimen>
    <dimen name="sp_152">76.0sp</dimen>
    <dimen name="sp_153">76.5sp</dimen>
    <dimen name="sp_154">77.0sp</dimen>
    <dimen name="sp_155">77.5sp</dimen>
    <dimen name="sp_156">78.0sp</dimen>
    <dimen name="sp_157">78.5sp</dimen>
    <dimen name="sp_158">79.0sp</dimen>
    <dimen name="sp_159">79.5sp</dimen>
    <dimen name="sp_160">80.0sp</dimen>
    <dimen name="sp_161">80.5sp</dimen>
    <dimen name="sp_162">81.0sp</dimen>
    <dimen name="sp_163">81.5sp</dimen>
    <dimen name="sp_164">82.0sp</dimen>
    <dimen name="sp_165">82.5sp</dimen>
    <dimen name="sp_166">83.0sp</dimen>
    <dimen name="sp_167">83.5sp</dimen>
    <dimen name="sp_168">84.0sp</dimen>
    <dimen name="sp_169">84.5sp</dimen>
    <dimen name="sp_170">85.0sp</dimen>
    <dimen name="sp_171">85.5sp</dimen>
    <dimen name="sp_172">86.0sp</dimen>
    <dimen name="sp_173">86.5sp</dimen>
    <dimen name="sp_174">87.0sp</dimen>
    <dimen name="sp_175">87.5sp</dimen>
    <dimen name="sp_176">88.0sp</dimen>
    <dimen name="sp_177">88.5sp</dimen>
    <dimen name="sp_178">89.0sp</dimen>
    <dimen name="sp_179">89.5sp</dimen>
    <dimen name="sp_180">90.0sp</dimen>
    <dimen name="sp_181">90.5sp</dimen>
    <dimen name="sp_182">91.0sp</dimen>
    <dimen name="sp_183">91.5sp</dimen>
    <dimen name="sp_184">92.0sp</dimen>
    <dimen name="sp_185">92.5sp</dimen>
    <dimen name="sp_186">93.0sp</dimen>
    <dimen name="sp_187">93.5sp</dimen>
    <dimen name="sp_188">94.0sp</dimen>
    <dimen name="sp_189">94.5sp</dimen>
    <dimen name="sp_190">95.0sp</dimen>
    <dimen name="sp_191">95.5sp</dimen>
    <dimen name="sp_192">96.0sp</dimen>
    <dimen name="sp_193">96.5sp</dimen>
    <dimen name="sp_194">97.0sp</dimen>
    <dimen name="sp_195">97.5sp</dimen>
    <dimen name="sp_196">98.0sp</dimen>
    <dimen name="sp_197">98.5sp</dimen>
    <dimen name="sp_198">99.0sp</dimen>
    <dimen name="sp_199">99.5sp</dimen>
    <dimen name="sp_200">100.0sp</dimen>
</resources>
