<?xml version="1.0" encoding="utf-8"?>
<!--    车机适配 1280*720  mdpi density=1.0  -->
<resources>
    <!-- 统一屏幕适配dp -->

    <dimen name="dip_0">0dp</dimen>
    <dimen name="dip_1">1dp</dimen>
    <dimen name="dip_2">2dp</dimen>
    <dimen name="dip_3">3dp</dimen>
    <dimen name="dip_4">4dp</dimen>
    <dimen name="dip_5">5dp</dimen>
    <dimen name="dip_6">6dp</dimen>
    <dimen name="dip_7">7dp</dimen>
    <dimen name="dip_8">8dp</dimen>
    <dimen name="dip_9">9dp</dimen>
    <dimen name="dip_10">10dp</dimen>
    <dimen name="dip_11">11dp</dimen>
    <dimen name="dip_12">12dp</dimen>
    <dimen name="dip_13">13dp</dimen>
    <dimen name="dip_14">14dp</dimen>
    <dimen name="dip_15">15dp</dimen>
    <dimen name="dip_16">16dp</dimen>
    <dimen name="dip_17">17dp</dimen>
    <dimen name="dip_18">18dp</dimen>
    <dimen name="dip_19">19dp</dimen>
    <dimen name="dip_20">20dp</dimen>
    <dimen name="dip_21">21dp</dimen>
    <dimen name="dip_22">22dp</dimen>
    <dimen name="dip_23">23dp</dimen>
    <dimen name="dip_24">24dp</dimen>
    <dimen name="dip_25">25dp</dimen>
    <dimen name="dip_26">26dp</dimen>
    <dimen name="dip_27">27dp</dimen>
    <dimen name="dip_28">28dp</dimen>
    <dimen name="dip_29">29dp</dimen>
    <dimen name="dip_30">30dp</dimen>
    <dimen name="dip_31">31dp</dimen>
    <dimen name="dip_32">32dp</dimen>
    <dimen name="dip_33">33dp</dimen>
    <dimen name="dip_34">34dp</dimen>
    <dimen name="dip_35">35dp</dimen>
    <dimen name="dip_36">36dp</dimen>
    <dimen name="dip_37">37dp</dimen>
    <dimen name="dip_38">38dp</dimen>
    <dimen name="dip_39">39dp</dimen>
    <dimen name="dip_40">40dp</dimen>
    <dimen name="dip_41">41dp</dimen>
    <dimen name="dip_42">42dp</dimen>
    <dimen name="dip_43">43dp</dimen>
    <dimen name="dip_44">44dp</dimen>
    <dimen name="dip_45">45dp</dimen>
    <dimen name="dip_46">46dp</dimen>
    <dimen name="dip_47">47dp</dimen>
    <dimen name="dip_48">48dp</dimen>
    <dimen name="dip_49">49dp</dimen>
    <dimen name="dip_50">50dp</dimen>
    <dimen name="dip_51">51dp</dimen>
    <dimen name="dip_52">52dp</dimen>
    <dimen name="dip_53">53dp</dimen>
    <dimen name="dip_54">54dp</dimen>
    <dimen name="dip_55">55dp</dimen>
    <dimen name="dip_56">56dp</dimen>
    <dimen name="dip_57">57dp</dimen>
    <dimen name="dip_58">58dp</dimen>
    <dimen name="dip_59">59dp</dimen>
    <dimen name="dip_60">60dp</dimen>
    <dimen name="dip_61">61dp</dimen>
    <dimen name="dip_62">62dp</dimen>
    <dimen name="dip_63">63dp</dimen>
    <dimen name="dip_64">64dp</dimen>
    <dimen name="dip_65">65dp</dimen>
    <dimen name="dip_66">66dp</dimen>
    <dimen name="dip_67">67dp</dimen>
    <dimen name="dip_68">68dp</dimen>
    <dimen name="dip_69">69dp</dimen>
    <dimen name="dip_70">70dp</dimen>
    <dimen name="dip_71">71dp</dimen>
    <dimen name="dip_72">72dp</dimen>
    <dimen name="dip_73">73dp</dimen>
    <dimen name="dip_74">74dp</dimen>
    <dimen name="dip_75">75dp</dimen>
    <dimen name="dip_76">76dp</dimen>
    <dimen name="dip_77">77dp</dimen>
    <dimen name="dip_78">78dp</dimen>
    <dimen name="dip_79">79dp</dimen>
    <dimen name="dip_80">80dp</dimen>
    <dimen name="dip_81">81dp</dimen>
    <dimen name="dip_82">82dp</dimen>
    <dimen name="dip_83">83dp</dimen>
    <dimen name="dip_84">84dp</dimen>
    <dimen name="dip_85">85dp</dimen>
    <dimen name="dip_86">86dp</dimen>
    <dimen name="dip_87">87dp</dimen>
    <dimen name="dip_88">88dp</dimen>
    <dimen name="dip_89">89dp</dimen>
    <dimen name="dip_90">90dp</dimen>
    <dimen name="dip_91">91dp</dimen>
    <dimen name="dip_92">92dp</dimen>
    <dimen name="dip_93">93dp</dimen>
    <dimen name="dip_94">94dp</dimen>
    <dimen name="dip_95">95dp</dimen>
    <dimen name="dip_96">96dp</dimen>
    <dimen name="dip_97">97dp</dimen>
    <dimen name="dip_98">98dp</dimen>
    <dimen name="dip_99">99dp</dimen>
    <dimen name="dip_100">100dp</dimen>
    <dimen name="dip_101">101dp</dimen>
    <dimen name="dip_102">102dp</dimen>
    <dimen name="dip_103">103dp</dimen>
    <dimen name="dip_104">104dp</dimen>
    <dimen name="dip_105">105dp</dimen>
    <dimen name="dip_106">106dp</dimen>
    <dimen name="dip_107">107dp</dimen>
    <dimen name="dip_108">108dp</dimen>
    <dimen name="dip_109">109dp</dimen>
    <dimen name="dip_110">110dp</dimen>
    <dimen name="dip_111">111dp</dimen>
    <dimen name="dip_112">112dp</dimen>
    <dimen name="dip_113">113dp</dimen>
    <dimen name="dip_114">114dp</dimen>
    <dimen name="dip_115">115dp</dimen>
    <dimen name="dip_116">116dp</dimen>
    <dimen name="dip_117">117dp</dimen>
    <dimen name="dip_118">118dp</dimen>
    <dimen name="dip_119">119dp</dimen>
    <dimen name="dip_120">120dp</dimen>
    <dimen name="dip_121">121dp</dimen>
    <dimen name="dip_122">122dp</dimen>
    <dimen name="dip_123">123dp</dimen>
    <dimen name="dip_124">124dp</dimen>
    <dimen name="dip_125">125dp</dimen>
    <dimen name="dip_126">126dp</dimen>
    <dimen name="dip_127">127dp</dimen>
    <dimen name="dip_128">128dp</dimen>
    <dimen name="dip_129">129dp</dimen>
    <dimen name="dip_130">130dp</dimen>
    <dimen name="dip_131">131dp</dimen>
    <dimen name="dip_132">132dp</dimen>
    <dimen name="dip_133">133dp</dimen>
    <dimen name="dip_134">134dp</dimen>
    <dimen name="dip_135">135dp</dimen>
    <dimen name="dip_136">136dp</dimen>
    <dimen name="dip_137">137dp</dimen>
    <dimen name="dip_138">138dp</dimen>
    <dimen name="dip_139">139dp</dimen>
    <dimen name="dip_140">140dp</dimen>
    <dimen name="dip_141">141dp</dimen>
    <dimen name="dip_142">142dp</dimen>
    <dimen name="dip_143">143dp</dimen>
    <dimen name="dip_144">144dp</dimen>
    <dimen name="dip_145">145dp</dimen>
    <dimen name="dip_146">146dp</dimen>
    <dimen name="dip_147">147dp</dimen>
    <dimen name="dip_148">148dp</dimen>
    <dimen name="dip_149">149dp</dimen>
    <dimen name="dip_150">150dp</dimen>
    <dimen name="dip_151">151dp</dimen>
    <dimen name="dip_152">152dp</dimen>
    <dimen name="dip_153">153dp</dimen>
    <dimen name="dip_154">154dp</dimen>
    <dimen name="dip_155">155dp</dimen>
    <dimen name="dip_156">156dp</dimen>
    <dimen name="dip_157">157dp</dimen>
    <dimen name="dip_158">158dp</dimen>
    <dimen name="dip_159">159dp</dimen>
    <dimen name="dip_160">160dp</dimen>
    <dimen name="dip_161">161dp</dimen>
    <dimen name="dip_162">162dp</dimen>
    <dimen name="dip_163">163dp</dimen>
    <dimen name="dip_164">164dp</dimen>
    <dimen name="dip_165">165dp</dimen>
    <dimen name="dip_166">166dp</dimen>
    <dimen name="dip_167">167dp</dimen>
    <dimen name="dip_168">168dp</dimen>
    <dimen name="dip_169">169dp</dimen>
    <dimen name="dip_170">170dp</dimen>
    <dimen name="dip_171">171dp</dimen>
    <dimen name="dip_172">172dp</dimen>
    <dimen name="dip_173">173dp</dimen>
    <dimen name="dip_174">174dp</dimen>
    <dimen name="dip_175">175dp</dimen>
    <dimen name="dip_176">176dp</dimen>
    <dimen name="dip_177">177dp</dimen>
    <dimen name="dip_178">178dp</dimen>
    <dimen name="dip_179">179dp</dimen>
    <dimen name="dip_180">180dp</dimen>
    <dimen name="dip_181">181dp</dimen>
    <dimen name="dip_182">182dp</dimen>
    <dimen name="dip_183">183dp</dimen>
    <dimen name="dip_184">184dp</dimen>
    <dimen name="dip_185">185dp</dimen>
    <dimen name="dip_186">186dp</dimen>
    <dimen name="dip_187">187dp</dimen>
    <dimen name="dip_188">188dp</dimen>
    <dimen name="dip_189">189dp</dimen>
    <dimen name="dip_190">190dp</dimen>
    <dimen name="dip_191">191dp</dimen>
    <dimen name="dip_192">192dp</dimen>
    <dimen name="dip_193">193dp</dimen>
    <dimen name="dip_194">194dp</dimen>
    <dimen name="dip_195">195dp</dimen>
    <dimen name="dip_196">196dp</dimen>
    <dimen name="dip_197">197dp</dimen>
    <dimen name="dip_198">198dp</dimen>
    <dimen name="dip_199">199dp</dimen>
    <dimen name="dip_200">200dp</dimen>
    <dimen name="dip_201">201dp</dimen>
    <dimen name="dip_202">202dp</dimen>
    <dimen name="dip_203">203dp</dimen>
    <dimen name="dip_204">204dp</dimen>
    <dimen name="dip_205">205dp</dimen>
    <dimen name="dip_206">206dp</dimen>
    <dimen name="dip_207">207dp</dimen>
    <dimen name="dip_208">208dp</dimen>
    <dimen name="dip_209">209dp</dimen>
    <dimen name="dip_210">210dp</dimen>
    <dimen name="dip_211">211dp</dimen>
    <dimen name="dip_212">212dp</dimen>
    <dimen name="dip_213">213dp</dimen>
    <dimen name="dip_214">214dp</dimen>
    <dimen name="dip_215">215dp</dimen>
    <dimen name="dip_216">216dp</dimen>
    <dimen name="dip_217">217dp</dimen>
    <dimen name="dip_218">218dp</dimen>
    <dimen name="dip_219">219dp</dimen>
    <dimen name="dip_220">220dp</dimen>
    <dimen name="dip_221">221dp</dimen>
    <dimen name="dip_222">222dp</dimen>
    <dimen name="dip_223">223dp</dimen>
    <dimen name="dip_224">224dp</dimen>
    <dimen name="dip_225">225dp</dimen>
    <dimen name="dip_226">226dp</dimen>
    <dimen name="dip_227">227dp</dimen>
    <dimen name="dip_228">228dp</dimen>
    <dimen name="dip_229">229dp</dimen>
    <dimen name="dip_230">230dp</dimen>
    <dimen name="dip_231">231dp</dimen>
    <dimen name="dip_232">232dp</dimen>
    <dimen name="dip_233">233dp</dimen>
    <dimen name="dip_234">234dp</dimen>
    <dimen name="dip_235">235dp</dimen>
    <dimen name="dip_236">236dp</dimen>
    <dimen name="dip_237">237dp</dimen>
    <dimen name="dip_238">238dp</dimen>
    <dimen name="dip_239">239dp</dimen>
    <dimen name="dip_240">240dp</dimen>
    <dimen name="dip_241">241dp</dimen>
    <dimen name="dip_242">242dp</dimen>
    <dimen name="dip_243">243dp</dimen>
    <dimen name="dip_244">244dp</dimen>
    <dimen name="dip_245">245dp</dimen>
    <dimen name="dip_246">246dp</dimen>
    <dimen name="dip_247">247dp</dimen>
    <dimen name="dip_248">248dp</dimen>
    <dimen name="dip_249">249dp</dimen>
    <dimen name="dip_250">250dp</dimen>
    <dimen name="dip_251">251dp</dimen>
    <dimen name="dip_252">252dp</dimen>
    <dimen name="dip_253">253dp</dimen>
    <dimen name="dip_254">254dp</dimen>
    <dimen name="dip_255">255dp</dimen>
    <dimen name="dip_256">256dp</dimen>
    <dimen name="dip_257">257dp</dimen>
    <dimen name="dip_258">258dp</dimen>
    <dimen name="dip_259">259dp</dimen>
    <dimen name="dip_260">260dp</dimen>
    <dimen name="dip_261">261dp</dimen>
    <dimen name="dip_262">262dp</dimen>
    <dimen name="dip_263">263dp</dimen>
    <dimen name="dip_264">264dp</dimen>
    <dimen name="dip_265">265dp</dimen>
    <dimen name="dip_266">266dp</dimen>
    <dimen name="dip_267">267dp</dimen>
    <dimen name="dip_268">268dp</dimen>
    <dimen name="dip_269">269dp</dimen>
    <dimen name="dip_270">270dp</dimen>
    <dimen name="dip_271">271dp</dimen>
    <dimen name="dip_272">272dp</dimen>
    <dimen name="dip_273">273dp</dimen>
    <dimen name="dip_274">274dp</dimen>
    <dimen name="dip_275">275dp</dimen>
    <dimen name="dip_276">276dp</dimen>
    <dimen name="dip_277">277dp</dimen>
    <dimen name="dip_278">278dp</dimen>
    <dimen name="dip_279">279dp</dimen>
    <dimen name="dip_280">280dp</dimen>
    <dimen name="dip_281">281dp</dimen>
    <dimen name="dip_282">282dp</dimen>
    <dimen name="dip_283">283dp</dimen>
    <dimen name="dip_284">284dp</dimen>
    <dimen name="dip_285">285dp</dimen>
    <dimen name="dip_286">286dp</dimen>
    <dimen name="dip_287">287dp</dimen>
    <dimen name="dip_288">288dp</dimen>
    <dimen name="dip_289">289dp</dimen>
    <dimen name="dip_290">290dp</dimen>
    <dimen name="dip_291">291dp</dimen>
    <dimen name="dip_292">292dp</dimen>
    <dimen name="dip_293">293dp</dimen>
    <dimen name="dip_294">294dp</dimen>
    <dimen name="dip_295">295dp</dimen>
    <dimen name="dip_296">296dp</dimen>
    <dimen name="dip_297">297dp</dimen>
    <dimen name="dip_298">298dp</dimen>
    <dimen name="dip_299">299dp</dimen>
    <dimen name="dip_300">300dp</dimen>
    <dimen name="dip_301">301dp</dimen>
    <dimen name="dip_302">302dp</dimen>
    <dimen name="dip_303">303dp</dimen>
    <dimen name="dip_304">304dp</dimen>
    <dimen name="dip_305">305dp</dimen>
    <dimen name="dip_306">306dp</dimen>
    <dimen name="dip_307">307dp</dimen>
    <dimen name="dip_308">308dp</dimen>
    <dimen name="dip_309">309dp</dimen>
    <dimen name="dip_310">310dp</dimen>
    <dimen name="dip_311">311dp</dimen>
    <dimen name="dip_312">312dp</dimen>
    <dimen name="dip_313">313dp</dimen>
    <dimen name="dip_314">314dp</dimen>
    <dimen name="dip_315">315dp</dimen>
    <dimen name="dip_316">316dp</dimen>
    <dimen name="dip_317">317dp</dimen>
    <dimen name="dip_318">318dp</dimen>
    <dimen name="dip_319">319dp</dimen>
    <dimen name="dip_320">320dp</dimen>
    <dimen name="dip_321">321dp</dimen>
    <dimen name="dip_322">322dp</dimen>
    <dimen name="dip_323">323dp</dimen>
    <dimen name="dip_324">324dp</dimen>
    <dimen name="dip_325">325dp</dimen>
    <dimen name="dip_326">326dp</dimen>
    <dimen name="dip_327">327dp</dimen>
    <dimen name="dip_328">328dp</dimen>
    <dimen name="dip_329">329dp</dimen>
    <dimen name="dip_330">330dp</dimen>
    <dimen name="dip_331">331dp</dimen>
    <dimen name="dip_332">332dp</dimen>
    <dimen name="dip_333">333dp</dimen>
    <dimen name="dip_334">334dp</dimen>
    <dimen name="dip_335">335dp</dimen>
    <dimen name="dip_336">336dp</dimen>
    <dimen name="dip_337">337dp</dimen>
    <dimen name="dip_338">338dp</dimen>
    <dimen name="dip_339">339dp</dimen>
    <dimen name="dip_340">340dp</dimen>
    <dimen name="dip_341">341dp</dimen>
    <dimen name="dip_342">342dp</dimen>
    <dimen name="dip_343">343dp</dimen>
    <dimen name="dip_344">344dp</dimen>
    <dimen name="dip_345">345dp</dimen>
    <dimen name="dip_346">346dp</dimen>
    <dimen name="dip_347">347dp</dimen>
    <dimen name="dip_348">348dp</dimen>
    <dimen name="dip_349">349dp</dimen>
    <dimen name="dip_350">350dp</dimen>
    <dimen name="dip_351">351dp</dimen>
    <dimen name="dip_352">352dp</dimen>
    <dimen name="dip_353">353dp</dimen>
    <dimen name="dip_354">354dp</dimen>
    <dimen name="dip_355">355dp</dimen>
    <dimen name="dip_356">356dp</dimen>
    <dimen name="dip_357">357dp</dimen>
    <dimen name="dip_358">358dp</dimen>
    <dimen name="dip_359">359dp</dimen>
    <dimen name="dip_360">360dp</dimen>
    <dimen name="dip_361">361dp</dimen>
    <dimen name="dip_362">362dp</dimen>
    <dimen name="dip_363">363dp</dimen>
    <dimen name="dip_364">364dp</dimen>
    <dimen name="dip_365">365dp</dimen>
    <dimen name="dip_366">366dp</dimen>
    <dimen name="dip_367">367dp</dimen>
    <dimen name="dip_368">368dp</dimen>
    <dimen name="dip_369">369dp</dimen>
    <dimen name="dip_370">370dp</dimen>
    <dimen name="dip_371">371dp</dimen>
    <dimen name="dip_372">372dp</dimen>
    <dimen name="dip_373">373dp</dimen>
    <dimen name="dip_374">374dp</dimen>
    <dimen name="dip_375">375dp</dimen>
    <dimen name="dip_376">376dp</dimen>
    <dimen name="dip_377">377dp</dimen>
    <dimen name="dip_378">378dp</dimen>
    <dimen name="dip_379">379dp</dimen>
    <dimen name="dip_380">380dp</dimen>
    <dimen name="dip_381">381dp</dimen>
    <dimen name="dip_382">382dp</dimen>
    <dimen name="dip_383">383dp</dimen>
    <dimen name="dip_384">384dp</dimen>
    <dimen name="dip_385">385dp</dimen>
    <dimen name="dip_386">386dp</dimen>
    <dimen name="dip_387">387dp</dimen>
    <dimen name="dip_388">388dp</dimen>
    <dimen name="dip_389">389dp</dimen>
    <dimen name="dip_390">390dp</dimen>
    <dimen name="dip_391">391dp</dimen>
    <dimen name="dip_392">392dp</dimen>
    <dimen name="dip_393">393dp</dimen>
    <dimen name="dip_394">394dp</dimen>
    <dimen name="dip_395">395dp</dimen>
    <dimen name="dip_396">396dp</dimen>
    <dimen name="dip_397">397dp</dimen>
    <dimen name="dip_398">398dp</dimen>
    <dimen name="dip_399">399dp</dimen>
    <dimen name="dip_400">400dp</dimen>
    <dimen name="dip_401">401dp</dimen>
    <dimen name="dip_402">402dp</dimen>
    <dimen name="dip_403">403dp</dimen>
    <dimen name="dip_404">404dp</dimen>
    <dimen name="dip_405">405dp</dimen>
    <dimen name="dip_406">406dp</dimen>
    <dimen name="dip_407">407dp</dimen>
    <dimen name="dip_408">408dp</dimen>
    <dimen name="dip_409">409dp</dimen>
    <dimen name="dip_410">410dp</dimen>
    <dimen name="dip_411">411dp</dimen>
    <dimen name="dip_412">412dp</dimen>
    <dimen name="dip_413">413dp</dimen>
    <dimen name="dip_414">414dp</dimen>
    <dimen name="dip_415">415dp</dimen>
    <dimen name="dip_416">416dp</dimen>
    <dimen name="dip_417">417dp</dimen>
    <dimen name="dip_418">418dp</dimen>
    <dimen name="dip_419">419dp</dimen>
    <dimen name="dip_420">420dp</dimen>
    <dimen name="dip_421">421dp</dimen>
    <dimen name="dip_422">422dp</dimen>
    <dimen name="dip_423">423dp</dimen>
    <dimen name="dip_424">424dp</dimen>
    <dimen name="dip_425">425dp</dimen>
    <dimen name="dip_426">426dp</dimen>
    <dimen name="dip_427">427dp</dimen>
    <dimen name="dip_428">428dp</dimen>
    <dimen name="dip_429">429dp</dimen>
    <dimen name="dip_430">430dp</dimen>
    <dimen name="dip_431">431dp</dimen>
    <dimen name="dip_432">432dp</dimen>
    <dimen name="dip_433">433dp</dimen>
    <dimen name="dip_434">434dp</dimen>
    <dimen name="dip_435">435dp</dimen>
    <dimen name="dip_436">436dp</dimen>
    <dimen name="dip_437">437dp</dimen>
    <dimen name="dip_438">438dp</dimen>
    <dimen name="dip_439">439dp</dimen>
    <dimen name="dip_440">440dp</dimen>
    <dimen name="dip_441">441dp</dimen>
    <dimen name="dip_442">442dp</dimen>
    <dimen name="dip_443">443dp</dimen>
    <dimen name="dip_444">444dp</dimen>
    <dimen name="dip_445">445dp</dimen>
    <dimen name="dip_446">446dp</dimen>
    <dimen name="dip_447">447dp</dimen>
    <dimen name="dip_448">448dp</dimen>
    <dimen name="dip_449">449dp</dimen>
    <dimen name="dip_450">450dp</dimen>
    <dimen name="dip_451">451dp</dimen>
    <dimen name="dip_452">452dp</dimen>
    <dimen name="dip_453">453dp</dimen>
    <dimen name="dip_454">454dp</dimen>
    <dimen name="dip_455">455dp</dimen>
    <dimen name="dip_456">456dp</dimen>
    <dimen name="dip_457">457dp</dimen>
    <dimen name="dip_458">458dp</dimen>
    <dimen name="dip_459">459dp</dimen>
    <dimen name="dip_460">460dp</dimen>
    <dimen name="dip_461">461dp</dimen>
    <dimen name="dip_462">462dp</dimen>
    <dimen name="dip_463">463dp</dimen>
    <dimen name="dip_464">464dp</dimen>
    <dimen name="dip_465">465dp</dimen>
    <dimen name="dip_466">466dp</dimen>
    <dimen name="dip_467">467dp</dimen>
    <dimen name="dip_468">468dp</dimen>
    <dimen name="dip_469">469dp</dimen>
    <dimen name="dip_470">470dp</dimen>
    <dimen name="dip_471">471dp</dimen>
    <dimen name="dip_472">472dp</dimen>
    <dimen name="dip_473">473dp</dimen>
    <dimen name="dip_474">474dp</dimen>
    <dimen name="dip_475">475dp</dimen>
    <dimen name="dip_476">476dp</dimen>
    <dimen name="dip_477">477dp</dimen>
    <dimen name="dip_478">478dp</dimen>
    <dimen name="dip_479">479dp</dimen>
    <dimen name="dip_480">480dp</dimen>
    <dimen name="dip_481">481dp</dimen>
    <dimen name="dip_482">482dp</dimen>
    <dimen name="dip_483">483dp</dimen>
    <dimen name="dip_484">484dp</dimen>
    <dimen name="dip_485">485dp</dimen>
    <dimen name="dip_486">486dp</dimen>
    <dimen name="dip_487">487dp</dimen>
    <dimen name="dip_488">488dp</dimen>
    <dimen name="dip_489">489dp</dimen>
    <dimen name="dip_490">490dp</dimen>
    <dimen name="dip_491">491dp</dimen>
    <dimen name="dip_492">492dp</dimen>
    <dimen name="dip_493">493dp</dimen>
    <dimen name="dip_494">494dp</dimen>
    <dimen name="dip_495">495dp</dimen>
    <dimen name="dip_496">496dp</dimen>
    <dimen name="dip_497">497dp</dimen>
    <dimen name="dip_498">498dp</dimen>
    <dimen name="dip_499">499dp</dimen>
    <dimen name="dip_500">500dp</dimen>
    <dimen name="dip_501">501dp</dimen>
    <dimen name="dip_502">502dp</dimen>
    <dimen name="dip_503">503dp</dimen>
    <dimen name="dip_504">504dp</dimen>
    <dimen name="dip_505">505dp</dimen>
    <dimen name="dip_506">506dp</dimen>
    <dimen name="dip_507">507dp</dimen>
    <dimen name="dip_508">508dp</dimen>
    <dimen name="dip_509">509dp</dimen>
    <dimen name="dip_510">510dp</dimen>
    <dimen name="dip_511">511dp</dimen>
    <dimen name="dip_512">512dp</dimen>
    <dimen name="dip_513">513dp</dimen>
    <dimen name="dip_514">514dp</dimen>
    <dimen name="dip_515">515dp</dimen>
    <dimen name="dip_516">516dp</dimen>
    <dimen name="dip_517">517dp</dimen>
    <dimen name="dip_518">518dp</dimen>
    <dimen name="dip_519">519dp</dimen>
    <dimen name="dip_520">520dp</dimen>
    <dimen name="dip_521">521dp</dimen>
    <dimen name="dip_522">522dp</dimen>
    <dimen name="dip_523">523dp</dimen>
    <dimen name="dip_524">524dp</dimen>
    <dimen name="dip_525">525dp</dimen>
    <dimen name="dip_526">526dp</dimen>
    <dimen name="dip_527">527dp</dimen>
    <dimen name="dip_528">528dp</dimen>
    <dimen name="dip_529">529dp</dimen>
    <dimen name="dip_530">530dp</dimen>
    <dimen name="dip_531">531dp</dimen>
    <dimen name="dip_532">532dp</dimen>
    <dimen name="dip_533">533dp</dimen>
    <dimen name="dip_534">534dp</dimen>
    <dimen name="dip_535">535dp</dimen>
    <dimen name="dip_536">536dp</dimen>
    <dimen name="dip_537">537dp</dimen>
    <dimen name="dip_538">538dp</dimen>
    <dimen name="dip_539">539dp</dimen>
    <dimen name="dip_540">540dp</dimen>
    <dimen name="dip_541">541dp</dimen>
    <dimen name="dip_542">542dp</dimen>
    <dimen name="dip_543">543dp</dimen>
    <dimen name="dip_544">544dp</dimen>
    <dimen name="dip_545">545dp</dimen>
    <dimen name="dip_546">546dp</dimen>
    <dimen name="dip_547">547dp</dimen>
    <dimen name="dip_548">548dp</dimen>
    <dimen name="dip_549">549dp</dimen>
    <dimen name="dip_550">550dp</dimen>
    <dimen name="dip_551">551dp</dimen>
    <dimen name="dip_552">552dp</dimen>
    <dimen name="dip_553">553dp</dimen>
    <dimen name="dip_554">554dp</dimen>
    <dimen name="dip_555">555dp</dimen>
    <dimen name="dip_556">556dp</dimen>
    <dimen name="dip_557">557dp</dimen>
    <dimen name="dip_558">558dp</dimen>
    <dimen name="dip_559">559dp</dimen>
    <dimen name="dip_560">560dp</dimen>
    <dimen name="dip_561">561dp</dimen>
    <dimen name="dip_562">562dp</dimen>
    <dimen name="dip_563">563dp</dimen>
    <dimen name="dip_564">564dp</dimen>
    <dimen name="dip_565">565dp</dimen>
    <dimen name="dip_566">566dp</dimen>
    <dimen name="dip_567">567dp</dimen>
    <dimen name="dip_568">568dp</dimen>
    <dimen name="dip_569">569dp</dimen>
    <dimen name="dip_570">570dp</dimen>
    <dimen name="dip_571">571dp</dimen>
    <dimen name="dip_572">572dp</dimen>
    <dimen name="dip_573">573dp</dimen>
    <dimen name="dip_574">574dp</dimen>
    <dimen name="dip_575">575dp</dimen>
    <dimen name="dip_576">576dp</dimen>
    <dimen name="dip_577">577dp</dimen>
    <dimen name="dip_578">578dp</dimen>
    <dimen name="dip_579">579dp</dimen>
    <dimen name="dip_580">580dp</dimen>
    <dimen name="dip_581">581dp</dimen>
    <dimen name="dip_582">582dp</dimen>
    <dimen name="dip_583">583dp</dimen>
    <dimen name="dip_584">584dp</dimen>
    <dimen name="dip_585">585dp</dimen>
    <dimen name="dip_586">586dp</dimen>
    <dimen name="dip_587">587dp</dimen>
    <dimen name="dip_588">588dp</dimen>
    <dimen name="dip_589">589dp</dimen>
    <dimen name="dip_590">590dp</dimen>
    <dimen name="dip_591">591dp</dimen>
    <dimen name="dip_592">592dp</dimen>
    <dimen name="dip_593">593dp</dimen>
    <dimen name="dip_594">594dp</dimen>
    <dimen name="dip_595">595dp</dimen>
    <dimen name="dip_596">596dp</dimen>
    <dimen name="dip_597">597dp</dimen>
    <dimen name="dip_598">598dp</dimen>
    <dimen name="dip_599">599dp</dimen>
    <dimen name="dip_600">600dp</dimen>
    <dimen name="dip_601">601dp</dimen>
    <dimen name="dip_602">602dp</dimen>
    <dimen name="dip_603">603dp</dimen>
    <dimen name="dip_604">604dp</dimen>
    <dimen name="dip_605">605dp</dimen>
    <dimen name="dip_606">606dp</dimen>
    <dimen name="dip_607">607dp</dimen>
    <dimen name="dip_608">608dp</dimen>
    <dimen name="dip_609">609dp</dimen>
    <dimen name="dip_610">610dp</dimen>
    <dimen name="dip_611">611dp</dimen>
    <dimen name="dip_612">612dp</dimen>
    <dimen name="dip_613">613dp</dimen>
    <dimen name="dip_614">614dp</dimen>
    <dimen name="dip_615">615dp</dimen>
    <dimen name="dip_616">616dp</dimen>
    <dimen name="dip_617">617dp</dimen>
    <dimen name="dip_618">618dp</dimen>
    <dimen name="dip_619">619dp</dimen>
    <dimen name="dip_620">620dp</dimen>
    <dimen name="dip_621">621dp</dimen>
    <dimen name="dip_622">622dp</dimen>
    <dimen name="dip_623">623dp</dimen>
    <dimen name="dip_624">624dp</dimen>
    <dimen name="dip_625">625dp</dimen>
    <dimen name="dip_626">626dp</dimen>
    <dimen name="dip_627">627dp</dimen>
    <dimen name="dip_628">628dp</dimen>
    <dimen name="dip_629">629dp</dimen>
    <dimen name="dip_630">630dp</dimen>
    <dimen name="dip_631">631dp</dimen>
    <dimen name="dip_632">632dp</dimen>
    <dimen name="dip_633">633dp</dimen>
    <dimen name="dip_634">634dp</dimen>
    <dimen name="dip_635">635dp</dimen>
    <dimen name="dip_636">636dp</dimen>
    <dimen name="dip_637">637dp</dimen>
    <dimen name="dip_638">638dp</dimen>
    <dimen name="dip_639">639dp</dimen>
    <dimen name="dip_640">640dp</dimen>
    <dimen name="dip_641">641dp</dimen>
    <dimen name="dip_642">642dp</dimen>
    <dimen name="dip_643">643dp</dimen>
    <dimen name="dip_644">644dp</dimen>
    <dimen name="dip_645">645dp</dimen>
    <dimen name="dip_646">646dp</dimen>
    <dimen name="dip_647">647dp</dimen>
    <dimen name="dip_648">648dp</dimen>
    <dimen name="dip_649">649dp</dimen>
    <dimen name="dip_650">650dp</dimen>
    <dimen name="dip_651">651dp</dimen>
    <dimen name="dip_652">652dp</dimen>
    <dimen name="dip_653">653dp</dimen>
    <dimen name="dip_654">654dp</dimen>
    <dimen name="dip_655">655dp</dimen>
    <dimen name="dip_656">656dp</dimen>
    <dimen name="dip_657">657dp</dimen>
    <dimen name="dip_658">658dp</dimen>
    <dimen name="dip_659">659dp</dimen>
    <dimen name="dip_660">660dp</dimen>
    <dimen name="dip_661">661dp</dimen>
    <dimen name="dip_662">662dp</dimen>
    <dimen name="dip_663">663dp</dimen>
    <dimen name="dip_664">664dp</dimen>
    <dimen name="dip_665">665dp</dimen>
    <dimen name="dip_666">666dp</dimen>
    <dimen name="dip_667">667dp</dimen>
    <dimen name="dip_668">668dp</dimen>
    <dimen name="dip_669">669dp</dimen>
    <dimen name="dip_670">670dp</dimen>
    <dimen name="dip_671">671dp</dimen>
    <dimen name="dip_672">672dp</dimen>
    <dimen name="dip_673">673dp</dimen>
    <dimen name="dip_674">674dp</dimen>
    <dimen name="dip_675">675dp</dimen>
    <dimen name="dip_676">676dp</dimen>
    <dimen name="dip_677">677dp</dimen>
    <dimen name="dip_678">678dp</dimen>
    <dimen name="dip_679">679dp</dimen>
    <dimen name="dip_680">680dp</dimen>
    <dimen name="dip_681">681dp</dimen>
    <dimen name="dip_682">682dp</dimen>
    <dimen name="dip_683">683dp</dimen>
    <dimen name="dip_684">684dp</dimen>
    <dimen name="dip_685">685dp</dimen>
    <dimen name="dip_686">686dp</dimen>
    <dimen name="dip_687">687dp</dimen>
    <dimen name="dip_688">688dp</dimen>
    <dimen name="dip_689">689dp</dimen>
    <dimen name="dip_690">690dp</dimen>
    <dimen name="dip_691">691dp</dimen>
    <dimen name="dip_692">692dp</dimen>
    <dimen name="dip_693">693dp</dimen>
    <dimen name="dip_694">694dp</dimen>
    <dimen name="dip_695">695dp</dimen>
    <dimen name="dip_696">696dp</dimen>
    <dimen name="dip_697">697dp</dimen>
    <dimen name="dip_698">698dp</dimen>
    <dimen name="dip_699">699dp</dimen>
    <dimen name="dip_700">700dp</dimen>
    <dimen name="dip_701">701dp</dimen>
    <dimen name="dip_702">702dp</dimen>
    <dimen name="dip_703">703dp</dimen>
    <dimen name="dip_704">704dp</dimen>
    <dimen name="dip_705">705dp</dimen>
    <dimen name="dip_706">706dp</dimen>
    <dimen name="dip_707">707dp</dimen>
    <dimen name="dip_708">708dp</dimen>
    <dimen name="dip_709">709dp</dimen>
    <dimen name="dip_710">710dp</dimen>
    <dimen name="dip_711">711dp</dimen>
    <dimen name="dip_712">712dp</dimen>
    <dimen name="dip_713">713dp</dimen>
    <dimen name="dip_714">714dp</dimen>
    <dimen name="dip_715">715dp</dimen>
    <dimen name="dip_716">716dp</dimen>
    <dimen name="dip_717">717dp</dimen>
    <dimen name="dip_718">718dp</dimen>
    <dimen name="dip_719">719dp</dimen>
    <dimen name="dip_720">720dp</dimen>
    <dimen name="dip_721">721dp</dimen>
    <dimen name="dip_722">722dp</dimen>
    <dimen name="dip_723">723dp</dimen>
    <dimen name="dip_724">724dp</dimen>
    <dimen name="dip_725">725dp</dimen>
    <dimen name="dip_726">726dp</dimen>
    <dimen name="dip_727">727dp</dimen>
    <dimen name="dip_728">728dp</dimen>
    <dimen name="dip_729">729dp</dimen>
    <dimen name="dip_730">730dp</dimen>
    <dimen name="dip_731">731dp</dimen>
    <dimen name="dip_732">732dp</dimen>
    <dimen name="dip_733">733dp</dimen>
    <dimen name="dip_734">734dp</dimen>
    <dimen name="dip_735">735dp</dimen>
    <dimen name="dip_736">736dp</dimen>
    <dimen name="dip_737">737dp</dimen>
    <dimen name="dip_738">738dp</dimen>
    <dimen name="dip_739">739dp</dimen>
    <dimen name="dip_740">740dp</dimen>
    <dimen name="dip_741">741dp</dimen>
    <dimen name="dip_742">742dp</dimen>
    <dimen name="dip_743">743dp</dimen>
    <dimen name="dip_744">744dp</dimen>
    <dimen name="dip_745">745dp</dimen>
    <dimen name="dip_746">746dp</dimen>
    <dimen name="dip_747">747dp</dimen>
    <dimen name="dip_748">748dp</dimen>
    <dimen name="dip_749">749dp</dimen>
    <dimen name="dip_750">750dp</dimen>
    <dimen name="dip_751">751dp</dimen>
    <dimen name="dip_752">752dp</dimen>
    <dimen name="dip_753">753dp</dimen>
    <dimen name="dip_754">754dp</dimen>
    <dimen name="dip_755">755dp</dimen>
    <dimen name="dip_756">756dp</dimen>
    <dimen name="dip_757">757dp</dimen>
    <dimen name="dip_758">758dp</dimen>
    <dimen name="dip_759">759dp</dimen>
    <dimen name="dip_760">760dp</dimen>
    <dimen name="dip_761">761dp</dimen>
    <dimen name="dip_762">762dp</dimen>
    <dimen name="dip_763">763dp</dimen>
    <dimen name="dip_764">764dp</dimen>
    <dimen name="dip_765">765dp</dimen>
    <dimen name="dip_766">766dp</dimen>
    <dimen name="dip_767">767dp</dimen>
    <dimen name="dip_768">768dp</dimen>
    <dimen name="dip_769">769dp</dimen>
    <dimen name="dip_770">770dp</dimen>
    <dimen name="dip_771">771dp</dimen>
    <dimen name="dip_772">772dp</dimen>
    <dimen name="dip_773">773dp</dimen>
    <dimen name="dip_774">774dp</dimen>
    <dimen name="dip_775">775dp</dimen>
    <dimen name="dip_776">776dp</dimen>
    <dimen name="dip_777">777dp</dimen>
    <dimen name="dip_778">778dp</dimen>
    <dimen name="dip_779">779dp</dimen>
    <dimen name="dip_780">780dp</dimen>
    <dimen name="dip_781">781dp</dimen>
    <dimen name="dip_782">782dp</dimen>
    <dimen name="dip_783">783dp</dimen>
    <dimen name="dip_784">784dp</dimen>
    <dimen name="dip_785">785dp</dimen>
    <dimen name="dip_786">786dp</dimen>
    <dimen name="dip_787">787dp</dimen>
    <dimen name="dip_788">788dp</dimen>
    <dimen name="dip_789">789dp</dimen>
    <dimen name="dip_790">790dp</dimen>
    <dimen name="dip_791">791dp</dimen>
    <dimen name="dip_792">792dp</dimen>
    <dimen name="dip_793">793dp</dimen>
    <dimen name="dip_794">794dp</dimen>
    <dimen name="dip_795">795dp</dimen>
    <dimen name="dip_796">796dp</dimen>
    <dimen name="dip_797">797dp</dimen>
    <dimen name="dip_798">798dp</dimen>
    <dimen name="dip_799">799dp</dimen>
    <dimen name="dip_800">800dp</dimen>
    <dimen name="dip_801">801dp</dimen>
    <dimen name="dip_802">802dp</dimen>
    <dimen name="dip_803">803dp</dimen>
    <dimen name="dip_804">804dp</dimen>
    <dimen name="dip_805">805dp</dimen>
    <dimen name="dip_806">806dp</dimen>
    <dimen name="dip_807">807dp</dimen>
    <dimen name="dip_808">808dp</dimen>
    <dimen name="dip_809">809dp</dimen>
    <dimen name="dip_810">810dp</dimen>
    <dimen name="dip_811">811dp</dimen>
    <dimen name="dip_812">812dp</dimen>
    <dimen name="dip_813">813dp</dimen>
    <dimen name="dip_814">814dp</dimen>
    <dimen name="dip_815">815dp</dimen>
    <dimen name="dip_816">816dp</dimen>
    <dimen name="dip_817">817dp</dimen>
    <dimen name="dip_818">818dp</dimen>
    <dimen name="dip_819">819dp</dimen>
    <dimen name="dip_820">820dp</dimen>
    <dimen name="dip_821">821dp</dimen>
    <dimen name="dip_822">822dp</dimen>
    <dimen name="dip_823">823dp</dimen>
    <dimen name="dip_824">824dp</dimen>
    <dimen name="dip_825">825dp</dimen>
    <dimen name="dip_826">826dp</dimen>
    <dimen name="dip_827">827dp</dimen>
    <dimen name="dip_828">828dp</dimen>
    <dimen name="dip_829">829dp</dimen>
    <dimen name="dip_830">830dp</dimen>
    <dimen name="dip_831">831dp</dimen>
    <dimen name="dip_832">832dp</dimen>
    <dimen name="dip_833">833dp</dimen>
    <dimen name="dip_834">834dp</dimen>
    <dimen name="dip_835">835dp</dimen>
    <dimen name="dip_836">836dp</dimen>
    <dimen name="dip_837">837dp</dimen>
    <dimen name="dip_838">838dp</dimen>
    <dimen name="dip_839">839dp</dimen>
    <dimen name="dip_840">840dp</dimen>
    <dimen name="dip_841">841dp</dimen>
    <dimen name="dip_842">842dp</dimen>
    <dimen name="dip_843">843dp</dimen>
    <dimen name="dip_844">844dp</dimen>
    <dimen name="dip_845">845dp</dimen>
    <dimen name="dip_846">846dp</dimen>
    <dimen name="dip_847">847dp</dimen>
    <dimen name="dip_848">848dp</dimen>
    <dimen name="dip_849">849dp</dimen>
    <dimen name="dip_850">850dp</dimen>
    <dimen name="dip_851">851dp</dimen>
    <dimen name="dip_852">852dp</dimen>
    <dimen name="dip_853">853dp</dimen>
    <dimen name="dip_854">854dp</dimen>
    <dimen name="dip_855">855dp</dimen>
    <dimen name="dip_856">856dp</dimen>
    <dimen name="dip_857">857dp</dimen>
    <dimen name="dip_858">858dp</dimen>
    <dimen name="dip_859">859dp</dimen>
    <dimen name="dip_860">860dp</dimen>
    <dimen name="dip_861">861dp</dimen>
    <dimen name="dip_862">862dp</dimen>
    <dimen name="dip_863">863dp</dimen>
    <dimen name="dip_864">864dp</dimen>
    <dimen name="dip_865">865dp</dimen>
    <dimen name="dip_866">866dp</dimen>
    <dimen name="dip_867">867dp</dimen>
    <dimen name="dip_868">868dp</dimen>
    <dimen name="dip_869">869dp</dimen>
    <dimen name="dip_870">870dp</dimen>
    <dimen name="dip_871">871dp</dimen>
    <dimen name="dip_872">872dp</dimen>
    <dimen name="dip_873">873dp</dimen>
    <dimen name="dip_874">874dp</dimen>
    <dimen name="dip_875">875dp</dimen>
    <dimen name="dip_876">876dp</dimen>
    <dimen name="dip_877">877dp</dimen>
    <dimen name="dip_878">878dp</dimen>
    <dimen name="dip_879">879dp</dimen>
    <dimen name="dip_880">880dp</dimen>
    <dimen name="dip_881">881dp</dimen>
    <dimen name="dip_882">882dp</dimen>
    <dimen name="dip_883">883dp</dimen>
    <dimen name="dip_884">884dp</dimen>
    <dimen name="dip_885">885dp</dimen>
    <dimen name="dip_886">886dp</dimen>
    <dimen name="dip_887">887dp</dimen>
    <dimen name="dip_888">888dp</dimen>
    <dimen name="dip_889">889dp</dimen>
    <dimen name="dip_890">890dp</dimen>
    <dimen name="dip_891">891dp</dimen>
    <dimen name="dip_892">892dp</dimen>
    <dimen name="dip_893">893dp</dimen>
    <dimen name="dip_894">894dp</dimen>
    <dimen name="dip_895">895dp</dimen>
    <dimen name="dip_896">896dp</dimen>
    <dimen name="dip_897">897dp</dimen>
    <dimen name="dip_898">898dp</dimen>
    <dimen name="dip_899">899dp</dimen>
    <dimen name="dip_900">900dp</dimen>
    <dimen name="dip_901">901dp</dimen>
    <dimen name="dip_902">902dp</dimen>
    <dimen name="dip_903">903dp</dimen>
    <dimen name="dip_904">904dp</dimen>
    <dimen name="dip_905">905dp</dimen>
    <dimen name="dip_906">906dp</dimen>
    <dimen name="dip_907">907dp</dimen>
    <dimen name="dip_908">908dp</dimen>
    <dimen name="dip_909">909dp</dimen>
    <dimen name="dip_910">910dp</dimen>
    <dimen name="dip_911">911dp</dimen>
    <dimen name="dip_912">912dp</dimen>
    <dimen name="dip_913">913dp</dimen>
    <dimen name="dip_914">914dp</dimen>
    <dimen name="dip_915">915dp</dimen>
    <dimen name="dip_916">916dp</dimen>
    <dimen name="dip_917">917dp</dimen>
    <dimen name="dip_918">918dp</dimen>
    <dimen name="dip_919">919dp</dimen>
    <dimen name="dip_920">920dp</dimen>
    <dimen name="dip_921">921dp</dimen>
    <dimen name="dip_922">922dp</dimen>
    <dimen name="dip_923">923dp</dimen>
    <dimen name="dip_924">924dp</dimen>
    <dimen name="dip_925">925dp</dimen>
    <dimen name="dip_926">926dp</dimen>
    <dimen name="dip_927">927dp</dimen>
    <dimen name="dip_928">928dp</dimen>
    <dimen name="dip_929">929dp</dimen>
    <dimen name="dip_930">930dp</dimen>
    <dimen name="dip_931">931dp</dimen>
    <dimen name="dip_932">932dp</dimen>
    <dimen name="dip_933">933dp</dimen>
    <dimen name="dip_934">934dp</dimen>
    <dimen name="dip_935">935dp</dimen>
    <dimen name="dip_936">936dp</dimen>
    <dimen name="dip_937">937dp</dimen>
    <dimen name="dip_938">938dp</dimen>
    <dimen name="dip_939">939dp</dimen>
    <dimen name="dip_940">940dp</dimen>
    <dimen name="dip_941">941dp</dimen>
    <dimen name="dip_942">942dp</dimen>
    <dimen name="dip_943">943dp</dimen>
    <dimen name="dip_944">944dp</dimen>
    <dimen name="dip_945">945dp</dimen>
    <dimen name="dip_946">946dp</dimen>
    <dimen name="dip_947">947dp</dimen>
    <dimen name="dip_948">948dp</dimen>
    <dimen name="dip_949">949dp</dimen>
    <dimen name="dip_950">950dp</dimen>
    <dimen name="dip_951">951dp</dimen>
    <dimen name="dip_952">952dp</dimen>
    <dimen name="dip_953">953dp</dimen>
    <dimen name="dip_954">954dp</dimen>
    <dimen name="dip_955">955dp</dimen>
    <dimen name="dip_956">956dp</dimen>
    <dimen name="dip_957">957dp</dimen>
    <dimen name="dip_958">958dp</dimen>
    <dimen name="dip_959">959dp</dimen>
    <dimen name="dip_960">960dp</dimen>
    <dimen name="dip_961">961dp</dimen>
    <dimen name="dip_962">962dp</dimen>
    <dimen name="dip_963">963dp</dimen>
    <dimen name="dip_964">964dp</dimen>
    <dimen name="dip_965">965dp</dimen>
    <dimen name="dip_966">966dp</dimen>
    <dimen name="dip_967">967dp</dimen>
    <dimen name="dip_968">968dp</dimen>
    <dimen name="dip_969">969dp</dimen>
    <dimen name="dip_970">970dp</dimen>
    <dimen name="dip_971">971dp</dimen>
    <dimen name="dip_972">972dp</dimen>
    <dimen name="dip_973">973dp</dimen>
    <dimen name="dip_974">974dp</dimen>
    <dimen name="dip_975">975dp</dimen>
    <dimen name="dip_976">976dp</dimen>
    <dimen name="dip_977">977dp</dimen>
    <dimen name="dip_978">978dp</dimen>
    <dimen name="dip_979">979dp</dimen>
    <dimen name="dip_980">980dp</dimen>
    <dimen name="dip_981">981dp</dimen>
    <dimen name="dip_982">982dp</dimen>
    <dimen name="dip_983">983dp</dimen>
    <dimen name="dip_984">984dp</dimen>
    <dimen name="dip_985">985dp</dimen>
    <dimen name="dip_986">986dp</dimen>
    <dimen name="dip_987">987dp</dimen>
    <dimen name="dip_988">988dp</dimen>
    <dimen name="dip_989">989dp</dimen>
    <dimen name="dip_990">990dp</dimen>
    <dimen name="dip_991">991dp</dimen>
    <dimen name="dip_992">992dp</dimen>
    <dimen name="dip_993">993dp</dimen>
    <dimen name="dip_994">994dp</dimen>
    <dimen name="dip_995">995dp</dimen>
    <dimen name="dip_996">996dp</dimen>
    <dimen name="dip_997">997dp</dimen>
    <dimen name="dip_998">998dp</dimen>
    <dimen name="dip_999">999dp</dimen>
    <dimen name="dip_1000">1000dp</dimen>
    <dimen name="dip_1001">1001dp</dimen>
    <dimen name="dip_1002">1002dp</dimen>
    <dimen name="dip_1003">1003dp</dimen>
    <dimen name="dip_1004">1004dp</dimen>
    <dimen name="dip_1005">1005dp</dimen>
    <dimen name="dip_1006">1006dp</dimen>
    <dimen name="dip_1007">1007dp</dimen>
    <dimen name="dip_1008">1008dp</dimen>
    <dimen name="dip_1009">1009dp</dimen>
    <dimen name="dip_1010">1010dp</dimen>
    <dimen name="dip_1011">1011dp</dimen>
    <dimen name="dip_1012">1012dp</dimen>
    <dimen name="dip_1013">1013dp</dimen>
    <dimen name="dip_1014">1014dp</dimen>
    <dimen name="dip_1015">1015dp</dimen>
    <dimen name="dip_1016">1016dp</dimen>
    <dimen name="dip_1017">1017dp</dimen>
    <dimen name="dip_1018">1018dp</dimen>
    <dimen name="dip_1019">1019dp</dimen>
    <dimen name="dip_1020">1020dp</dimen>
    <dimen name="dip_1021">1021dp</dimen>
    <dimen name="dip_1022">1022dp</dimen>
    <dimen name="dip_1023">1023dp</dimen>
    <dimen name="dip_1024">1024dp</dimen>
    <dimen name="dip_1025">1025dp</dimen>
    <dimen name="dip_1026">1026dp</dimen>
    <dimen name="dip_1027">1027dp</dimen>
    <dimen name="dip_1028">1028dp</dimen>
    <dimen name="dip_1029">1029dp</dimen>
    <dimen name="dip_1030">1030dp</dimen>
    <dimen name="dip_1031">1031dp</dimen>
    <dimen name="dip_1032">1032dp</dimen>
    <dimen name="dip_1033">1033dp</dimen>
    <dimen name="dip_1034">1034dp</dimen>
    <dimen name="dip_1035">1035dp</dimen>
    <dimen name="dip_1036">1036dp</dimen>
    <dimen name="dip_1037">1037dp</dimen>
    <dimen name="dip_1038">1038dp</dimen>
    <dimen name="dip_1039">1039dp</dimen>
    <dimen name="dip_1040">1040dp</dimen>
    <dimen name="dip_1041">1041dp</dimen>
    <dimen name="dip_1042">1042dp</dimen>
    <dimen name="dip_1043">1043dp</dimen>
    <dimen name="dip_1044">1044dp</dimen>
    <dimen name="dip_1045">1045dp</dimen>
    <dimen name="dip_1046">1046dp</dimen>
    <dimen name="dip_1047">1047dp</dimen>
    <dimen name="dip_1048">1048dp</dimen>
    <dimen name="dip_1049">1049dp</dimen>
    <dimen name="dip_1050">1050dp</dimen>
    <dimen name="dip_1051">1051dp</dimen>
    <dimen name="dip_1052">1052dp</dimen>
    <dimen name="dip_1053">1053dp</dimen>
    <dimen name="dip_1054">1054dp</dimen>
    <dimen name="dip_1055">1055dp</dimen>
    <dimen name="dip_1056">1056dp</dimen>
    <dimen name="dip_1057">1057dp</dimen>
    <dimen name="dip_1058">1058dp</dimen>
    <dimen name="dip_1059">1059dp</dimen>
    <dimen name="dip_1060">1060dp</dimen>
    <dimen name="dip_1061">1061dp</dimen>
    <dimen name="dip_1062">1062dp</dimen>
    <dimen name="dip_1063">1063dp</dimen>
    <dimen name="dip_1064">1064dp</dimen>
    <dimen name="dip_1065">1065dp</dimen>
    <dimen name="dip_1066">1066dp</dimen>
    <dimen name="dip_1067">1067dp</dimen>
    <dimen name="dip_1068">1068dp</dimen>
    <dimen name="dip_1069">1069dp</dimen>
    <dimen name="dip_1070">1070dp</dimen>
    <dimen name="dip_1071">1071dp</dimen>
    <dimen name="dip_1072">1072dp</dimen>
    <dimen name="dip_1073">1073dp</dimen>
    <dimen name="dip_1074">1074dp</dimen>
    <dimen name="dip_1075">1075dp</dimen>
    <dimen name="dip_1076">1076dp</dimen>
    <dimen name="dip_1077">1077dp</dimen>
    <dimen name="dip_1078">1078dp</dimen>
    <dimen name="dip_1079">1079dp</dimen>
    <dimen name="dip_1080">1080dp</dimen>
    <dimen name="dip_1081">1081dp</dimen>
    <dimen name="dip_1082">1082dp</dimen>
    <dimen name="dip_1083">1083dp</dimen>
    <dimen name="dip_1084">1084dp</dimen>
    <dimen name="dip_1085">1085dp</dimen>
    <dimen name="dip_1086">1086dp</dimen>
    <dimen name="dip_1087">1087dp</dimen>
    <dimen name="dip_1088">1088dp</dimen>
    <dimen name="dip_1089">1089dp</dimen>
    <dimen name="dip_1090">1090dp</dimen>
    <dimen name="dip_1091">1091dp</dimen>
    <dimen name="dip_1092">1092dp</dimen>
    <dimen name="dip_1093">1093dp</dimen>
    <dimen name="dip_1094">1094dp</dimen>
    <dimen name="dip_1095">1095dp</dimen>
    <dimen name="dip_1096">1096dp</dimen>
    <dimen name="dip_1097">1097dp</dimen>
    <dimen name="dip_1098">1098dp</dimen>
    <dimen name="dip_1099">1099dp</dimen>
    <dimen name="dip_1100">1100dp</dimen>
    <dimen name="dip_1101">1101dp</dimen>
    <dimen name="dip_1102">1102dp</dimen>
    <dimen name="dip_1103">1103dp</dimen>
    <dimen name="dip_1104">1104dp</dimen>
    <dimen name="dip_1105">1105dp</dimen>
    <dimen name="dip_1106">1106dp</dimen>
    <dimen name="dip_1107">1107dp</dimen>
    <dimen name="dip_1108">1108dp</dimen>
    <dimen name="dip_1109">1109dp</dimen>
    <dimen name="dip_1110">1110dp</dimen>
    <dimen name="dip_1111">1111dp</dimen>
    <dimen name="dip_1112">1112dp</dimen>
    <dimen name="dip_1113">1113dp</dimen>
    <dimen name="dip_1114">1114dp</dimen>
    <dimen name="dip_1115">1115dp</dimen>
    <dimen name="dip_1116">1116dp</dimen>
    <dimen name="dip_1117">1117dp</dimen>
    <dimen name="dip_1118">1118dp</dimen>
    <dimen name="dip_1119">1119dp</dimen>
    <dimen name="dip_1120">1120dp</dimen>
    <dimen name="dip_1121">1121dp</dimen>
    <dimen name="dip_1122">1122dp</dimen>
    <dimen name="dip_1123">1123dp</dimen>
    <dimen name="dip_1124">1124dp</dimen>
    <dimen name="dip_1125">1125dp</dimen>
    <dimen name="dip_1126">1126dp</dimen>
    <dimen name="dip_1127">1127dp</dimen>
    <dimen name="dip_1128">1128dp</dimen>
    <dimen name="dip_1129">1129dp</dimen>
    <dimen name="dip_1130">1130dp</dimen>
    <dimen name="dip_1131">1131dp</dimen>
    <dimen name="dip_1132">1132dp</dimen>
    <dimen name="dip_1133">1133dp</dimen>
    <dimen name="dip_1134">1134dp</dimen>
    <dimen name="dip_1135">1135dp</dimen>
    <dimen name="dip_1136">1136dp</dimen>
    <dimen name="dip_1137">1137dp</dimen>
    <dimen name="dip_1138">1138dp</dimen>
    <dimen name="dip_1139">1139dp</dimen>
    <dimen name="dip_1140">1140dp</dimen>
    <dimen name="dip_1141">1141dp</dimen>
    <dimen name="dip_1142">1142dp</dimen>
    <dimen name="dip_1143">1143dp</dimen>
    <dimen name="dip_1144">1144dp</dimen>
    <dimen name="dip_1145">1145dp</dimen>
    <dimen name="dip_1146">1146dp</dimen>
    <dimen name="dip_1147">1147dp</dimen>
    <dimen name="dip_1148">1148dp</dimen>
    <dimen name="dip_1149">1149dp</dimen>
    <dimen name="dip_1150">1150dp</dimen>
    <dimen name="dip_1151">1151dp</dimen>
    <dimen name="dip_1152">1152dp</dimen>
    <dimen name="dip_1153">1153dp</dimen>
    <dimen name="dip_1154">1154dp</dimen>
    <dimen name="dip_1155">1155dp</dimen>
    <dimen name="dip_1156">1156dp</dimen>
    <dimen name="dip_1157">1157dp</dimen>
    <dimen name="dip_1158">1158dp</dimen>
    <dimen name="dip_1159">1159dp</dimen>
    <dimen name="dip_1160">1160dp</dimen>
    <dimen name="dip_1161">1161dp</dimen>
    <dimen name="dip_1162">1162dp</dimen>
    <dimen name="dip_1163">1163dp</dimen>
    <dimen name="dip_1164">1164dp</dimen>
    <dimen name="dip_1165">1165dp</dimen>
    <dimen name="dip_1166">1166dp</dimen>
    <dimen name="dip_1167">1167dp</dimen>
    <dimen name="dip_1168">1168dp</dimen>
    <dimen name="dip_1169">1169dp</dimen>
    <dimen name="dip_1170">1170dp</dimen>
    <dimen name="dip_1171">1171dp</dimen>
    <dimen name="dip_1172">1172dp</dimen>
    <dimen name="dip_1173">1173dp</dimen>
    <dimen name="dip_1174">1174dp</dimen>
    <dimen name="dip_1175">1175dp</dimen>
    <dimen name="dip_1176">1176dp</dimen>
    <dimen name="dip_1177">1177dp</dimen>
    <dimen name="dip_1178">1178dp</dimen>
    <dimen name="dip_1179">1179dp</dimen>
    <dimen name="dip_1180">1180dp</dimen>
    <dimen name="dip_1181">1181dp</dimen>
    <dimen name="dip_1182">1182dp</dimen>
    <dimen name="dip_1183">1183dp</dimen>
    <dimen name="dip_1184">1184dp</dimen>
    <dimen name="dip_1185">1185dp</dimen>
    <dimen name="dip_1186">1186dp</dimen>
    <dimen name="dip_1187">1187dp</dimen>
    <dimen name="dip_1188">1188dp</dimen>
    <dimen name="dip_1189">1189dp</dimen>
    <dimen name="dip_1190">1190dp</dimen>
    <dimen name="dip_1191">1191dp</dimen>
    <dimen name="dip_1192">1192dp</dimen>
    <dimen name="dip_1193">1193dp</dimen>
    <dimen name="dip_1194">1194dp</dimen>
    <dimen name="dip_1195">1195dp</dimen>
    <dimen name="dip_1196">1196dp</dimen>
    <dimen name="dip_1197">1197dp</dimen>
    <dimen name="dip_1198">1198dp</dimen>
    <dimen name="dip_1199">1199dp</dimen>
    <dimen name="dip_1200">1200dp</dimen>
    <dimen name="dip_1201">1201dp</dimen>
    <dimen name="dip_1202">1202dp</dimen>
    <dimen name="dip_1203">1203dp</dimen>
    <dimen name="dip_1204">1204dp</dimen>
    <dimen name="dip_1205">1205dp</dimen>
    <dimen name="dip_1206">1206dp</dimen>
    <dimen name="dip_1207">1207dp</dimen>
    <dimen name="dip_1208">1208dp</dimen>
    <dimen name="dip_1209">1209dp</dimen>
    <dimen name="dip_1210">1210dp</dimen>
    <dimen name="dip_1211">1211dp</dimen>
    <dimen name="dip_1212">1212dp</dimen>
    <dimen name="dip_1213">1213dp</dimen>
    <dimen name="dip_1214">1214dp</dimen>
    <dimen name="dip_1215">1215dp</dimen>
    <dimen name="dip_1216">1216dp</dimen>
    <dimen name="dip_1217">1217dp</dimen>
    <dimen name="dip_1218">1218dp</dimen>
    <dimen name="dip_1219">1219dp</dimen>
    <dimen name="dip_1220">1220dp</dimen>
    <dimen name="dip_1221">1221dp</dimen>
    <dimen name="dip_1222">1222dp</dimen>
    <dimen name="dip_1223">1223dp</dimen>
    <dimen name="dip_1224">1224dp</dimen>
    <dimen name="dip_1225">1225dp</dimen>
    <dimen name="dip_1226">1226dp</dimen>
    <dimen name="dip_1227">1227dp</dimen>
    <dimen name="dip_1228">1228dp</dimen>
    <dimen name="dip_1229">1229dp</dimen>
    <dimen name="dip_1230">1230dp</dimen>
    <dimen name="dip_1231">1231dp</dimen>
    <dimen name="dip_1232">1232dp</dimen>
    <dimen name="dip_1233">1233dp</dimen>
    <dimen name="dip_1234">1234dp</dimen>
    <dimen name="dip_1235">1235dp</dimen>
    <dimen name="dip_1236">1236dp</dimen>
    <dimen name="dip_1237">1237dp</dimen>
    <dimen name="dip_1238">1238dp</dimen>
    <dimen name="dip_1239">1239dp</dimen>
    <dimen name="dip_1240">1240dp</dimen>
    <dimen name="dip_1241">1241dp</dimen>
    <dimen name="dip_1242">1242dp</dimen>
    <dimen name="dip_1243">1243dp</dimen>
    <dimen name="dip_1244">1244dp</dimen>
    <dimen name="dip_1245">1245dp</dimen>
    <dimen name="dip_1246">1246dp</dimen>
    <dimen name="dip_1247">1247dp</dimen>
    <dimen name="dip_1248">1248dp</dimen>
    <dimen name="dip_1249">1249dp</dimen>
    <dimen name="dip_1250">1250dp</dimen>
    <dimen name="dip_1251">1251dp</dimen>
    <dimen name="dip_1252">1252dp</dimen>
    <dimen name="dip_1253">1253dp</dimen>
    <dimen name="dip_1254">1254dp</dimen>
    <dimen name="dip_1255">1255dp</dimen>
    <dimen name="dip_1256">1256dp</dimen>
    <dimen name="dip_1257">1257dp</dimen>
    <dimen name="dip_1258">1258dp</dimen>
    <dimen name="dip_1259">1259dp</dimen>
    <dimen name="dip_1260">1260dp</dimen>
    <dimen name="dip_1261">1261dp</dimen>
    <dimen name="dip_1262">1262dp</dimen>
    <dimen name="dip_1263">1263dp</dimen>
    <dimen name="dip_1264">1264dp</dimen>
    <dimen name="dip_1265">1265dp</dimen>
    <dimen name="dip_1266">1266dp</dimen>
    <dimen name="dip_1267">1267dp</dimen>
    <dimen name="dip_1268">1268dp</dimen>
    <dimen name="dip_1269">1269dp</dimen>
    <dimen name="dip_1270">1270dp</dimen>
    <dimen name="dip_1271">1271dp</dimen>
    <dimen name="dip_1272">1272dp</dimen>
    <dimen name="dip_1273">1273dp</dimen>
    <dimen name="dip_1274">1274dp</dimen>
    <dimen name="dip_1275">1275dp</dimen>
    <dimen name="dip_1276">1276dp</dimen>
    <dimen name="dip_1277">1277dp</dimen>
    <dimen name="dip_1278">1278dp</dimen>
    <dimen name="dip_1279">1279dp</dimen>
    <dimen name="dip_1280">1280dp</dimen>
    <dimen name="dip_1281">1281dp</dimen>
    <dimen name="dip_1282">1282dp</dimen>
    <dimen name="dip_1283">1283dp</dimen>
    <dimen name="dip_1284">1284dp</dimen>
    <dimen name="dip_1285">1285dp</dimen>
    <dimen name="dip_1286">1286dp</dimen>
    <dimen name="dip_1287">1287dp</dimen>
    <dimen name="dip_1288">1288dp</dimen>
    <dimen name="dip_1289">1289dp</dimen>
    <dimen name="dip_1290">1290dp</dimen>
    <dimen name="dip_1291">1291dp</dimen>
    <dimen name="dip_1292">1292dp</dimen>
    <dimen name="dip_1293">1293dp</dimen>
    <dimen name="dip_1294">1294dp</dimen>
    <dimen name="dip_1295">1295dp</dimen>
    <dimen name="dip_1296">1296dp</dimen>
    <dimen name="dip_1297">1297dp</dimen>
    <dimen name="dip_1298">1298dp</dimen>
    <dimen name="dip_1299">1299dp</dimen>
    <dimen name="dip_1300">1300dp</dimen>

    <!-- 统一屏幕适配sp -->
    <dimen name="sp_1">1sp</dimen>
    <dimen name="sp_2">2sp</dimen>
    <dimen name="sp_3">3sp</dimen>
    <dimen name="sp_4">4sp</dimen>
    <dimen name="sp_5">5sp</dimen>
    <dimen name="sp_6">6sp</dimen>
    <dimen name="sp_7">7sp</dimen>
    <dimen name="sp_8">8sp</dimen>
    <dimen name="sp_9">9sp</dimen>
    <dimen name="sp_10">10sp</dimen>
    <dimen name="sp_11">11sp</dimen>
    <dimen name="sp_12">12sp</dimen>
    <dimen name="sp_13">13sp</dimen>
    <dimen name="sp_14">14sp</dimen>
    <dimen name="sp_15">15sp</dimen>
    <dimen name="sp_16">16sp</dimen>
    <dimen name="sp_17">17sp</dimen>
    <dimen name="sp_18">18sp</dimen>
    <dimen name="sp_19">19sp</dimen>
    <dimen name="sp_20">20sp</dimen>
    <dimen name="sp_21">21sp</dimen>
    <dimen name="sp_22">22sp</dimen>
    <dimen name="sp_23">23sp</dimen>
    <dimen name="sp_24">24sp</dimen>
    <dimen name="sp_25">25sp</dimen>
    <dimen name="sp_26">26sp</dimen>
    <dimen name="sp_27">27sp</dimen>
    <dimen name="sp_28">28sp</dimen>
    <dimen name="sp_29">29sp</dimen>
    <dimen name="sp_30">30sp</dimen>
    <dimen name="sp_31">31sp</dimen>
    <dimen name="sp_32">32sp</dimen>
    <dimen name="sp_33">33sp</dimen>
    <dimen name="sp_34">34sp</dimen>
    <dimen name="sp_35">35sp</dimen>
    <dimen name="sp_36">36sp</dimen>
    <dimen name="sp_37">37sp</dimen>
    <dimen name="sp_38">38sp</dimen>
    <dimen name="sp_39">39sp</dimen>
    <dimen name="sp_40">40sp</dimen>
    <dimen name="sp_41">41sp</dimen>
    <dimen name="sp_42">42sp</dimen>
    <dimen name="sp_43">43sp</dimen>
    <dimen name="sp_44">44sp</dimen>
    <dimen name="sp_45">45sp</dimen>
    <dimen name="sp_46">46sp</dimen>
    <dimen name="sp_47">47sp</dimen>
    <dimen name="sp_48">48sp</dimen>
    <dimen name="sp_49">49sp</dimen>
    <dimen name="sp_50">50sp</dimen>
    <dimen name="sp_51">51sp</dimen>
    <dimen name="sp_52">52sp</dimen>
    <dimen name="sp_53">53sp</dimen>
    <dimen name="sp_54">54sp</dimen>
    <dimen name="sp_55">55sp</dimen>
    <dimen name="sp_56">56sp</dimen>
    <dimen name="sp_57">57sp</dimen>
    <dimen name="sp_58">58sp</dimen>
    <dimen name="sp_59">59sp</dimen>
    <dimen name="sp_60">60sp</dimen>
    <dimen name="sp_61">61sp</dimen>
    <dimen name="sp_62">62sp</dimen>
    <dimen name="sp_63">63sp</dimen>
    <dimen name="sp_64">64sp</dimen>
    <dimen name="sp_65">65sp</dimen>
    <dimen name="sp_66">66sp</dimen>
    <dimen name="sp_67">67sp</dimen>
    <dimen name="sp_68">68sp</dimen>
    <dimen name="sp_69">69sp</dimen>
    <dimen name="sp_70">70sp</dimen>
    <dimen name="sp_71">71sp</dimen>
    <dimen name="sp_72">72sp</dimen>
    <dimen name="sp_73">73sp</dimen>
    <dimen name="sp_74">74sp</dimen>
    <dimen name="sp_75">75sp</dimen>
    <dimen name="sp_76">76sp</dimen>
    <dimen name="sp_77">77sp</dimen>
    <dimen name="sp_78">78sp</dimen>
    <dimen name="sp_79">79sp</dimen>
    <dimen name="sp_80">80sp</dimen>
    <dimen name="sp_81">81sp</dimen>
    <dimen name="sp_82">82sp</dimen>
    <dimen name="sp_83">83sp</dimen>
    <dimen name="sp_84">84sp</dimen>
    <dimen name="sp_85">85sp</dimen>
    <dimen name="sp_86">86sp</dimen>
    <dimen name="sp_87">87sp</dimen>
    <dimen name="sp_88">88sp</dimen>
    <dimen name="sp_89">89sp</dimen>
    <dimen name="sp_90">90sp</dimen>
    <dimen name="sp_91">91sp</dimen>
    <dimen name="sp_92">92sp</dimen>
    <dimen name="sp_93">93sp</dimen>
    <dimen name="sp_94">94sp</dimen>
    <dimen name="sp_95">95sp</dimen>
    <dimen name="sp_96">96sp</dimen>
    <dimen name="sp_97">97sp</dimen>
    <dimen name="sp_98">98sp</dimen>
    <dimen name="sp_99">99sp</dimen>
    <dimen name="sp_100">100sp</dimen>
    <dimen name="sp_101">101sp</dimen>
    <dimen name="sp_102">102sp</dimen>
    <dimen name="sp_103">103sp</dimen>
    <dimen name="sp_104">104sp</dimen>
    <dimen name="sp_105">105sp</dimen>
    <dimen name="sp_106">106sp</dimen>
    <dimen name="sp_107">107sp</dimen>
    <dimen name="sp_108">108sp</dimen>
    <dimen name="sp_109">109sp</dimen>
    <dimen name="sp_110">110sp</dimen>
    <dimen name="sp_111">111sp</dimen>
    <dimen name="sp_112">112sp</dimen>
    <dimen name="sp_113">113sp</dimen>
    <dimen name="sp_114">114sp</dimen>
    <dimen name="sp_115">115sp</dimen>
    <dimen name="sp_116">116sp</dimen>
    <dimen name="sp_117">117sp</dimen>
    <dimen name="sp_118">118sp</dimen>
    <dimen name="sp_119">119sp</dimen>
    <dimen name="sp_120">120sp</dimen>
    <dimen name="sp_121">121sp</dimen>
    <dimen name="sp_122">122sp</dimen>
    <dimen name="sp_123">123sp</dimen>
    <dimen name="sp_124">124sp</dimen>
    <dimen name="sp_125">125sp</dimen>
    <dimen name="sp_126">126sp</dimen>
    <dimen name="sp_127">127sp</dimen>
    <dimen name="sp_128">128sp</dimen>
    <dimen name="sp_129">129sp</dimen>
    <dimen name="sp_130">130sp</dimen>
    <dimen name="sp_131">131sp</dimen>
    <dimen name="sp_132">132sp</dimen>
    <dimen name="sp_133">133sp</dimen>
    <dimen name="sp_134">134sp</dimen>
    <dimen name="sp_135">135sp</dimen>
    <dimen name="sp_136">136sp</dimen>
    <dimen name="sp_137">137sp</dimen>
    <dimen name="sp_138">138sp</dimen>
    <dimen name="sp_139">139sp</dimen>
    <dimen name="sp_140">140sp</dimen>
    <dimen name="sp_141">141sp</dimen>
    <dimen name="sp_142">142sp</dimen>
    <dimen name="sp_143">143sp</dimen>
    <dimen name="sp_144">144sp</dimen>
    <dimen name="sp_145">145sp</dimen>
    <dimen name="sp_146">146sp</dimen>
    <dimen name="sp_147">147sp</dimen>
    <dimen name="sp_148">148sp</dimen>
    <dimen name="sp_149">149sp</dimen>
    <dimen name="sp_150">150sp</dimen>
    <dimen name="sp_151">151sp</dimen>
    <dimen name="sp_152">152sp</dimen>
    <dimen name="sp_153">153sp</dimen>
    <dimen name="sp_154">154sp</dimen>
    <dimen name="sp_155">155sp</dimen>
    <dimen name="sp_156">156sp</dimen>
    <dimen name="sp_157">157sp</dimen>
    <dimen name="sp_158">158sp</dimen>
    <dimen name="sp_159">159sp</dimen>
    <dimen name="sp_160">160sp</dimen>
    <dimen name="sp_161">161sp</dimen>
    <dimen name="sp_162">162sp</dimen>
    <dimen name="sp_163">163sp</dimen>
    <dimen name="sp_164">164sp</dimen>
    <dimen name="sp_165">165sp</dimen>
    <dimen name="sp_166">166sp</dimen>
    <dimen name="sp_167">167sp</dimen>
    <dimen name="sp_168">168sp</dimen>
    <dimen name="sp_169">169sp</dimen>
    <dimen name="sp_170">170sp</dimen>
    <dimen name="sp_171">171sp</dimen>
    <dimen name="sp_172">172sp</dimen>
    <dimen name="sp_173">173sp</dimen>
    <dimen name="sp_174">174sp</dimen>
    <dimen name="sp_175">175sp</dimen>
    <dimen name="sp_176">176sp</dimen>
    <dimen name="sp_177">177sp</dimen>
    <dimen name="sp_178">178sp</dimen>
    <dimen name="sp_179">179sp</dimen>
    <dimen name="sp_180">180sp</dimen>
    <dimen name="sp_181">181sp</dimen>
    <dimen name="sp_182">182sp</dimen>
    <dimen name="sp_183">183sp</dimen>
    <dimen name="sp_184">184sp</dimen>
    <dimen name="sp_185">185sp</dimen>
    <dimen name="sp_186">186sp</dimen>
    <dimen name="sp_187">187sp</dimen>
    <dimen name="sp_188">188sp</dimen>
    <dimen name="sp_189">189sp</dimen>
    <dimen name="sp_190">190sp</dimen>
    <dimen name="sp_191">191sp</dimen>
    <dimen name="sp_192">192sp</dimen>
    <dimen name="sp_193">193sp</dimen>
    <dimen name="sp_194">194sp</dimen>
    <dimen name="sp_195">195sp</dimen>
    <dimen name="sp_196">196sp</dimen>
    <dimen name="sp_197">197sp</dimen>
    <dimen name="sp_198">198sp</dimen>
    <dimen name="sp_199">199sp</dimen>
    <dimen name="sp_200">200sp</dimen>
</resources>