<resources>
    <!--聊天室文字消息-->
    <style name="style_chat_text_msg">
        <item name="android:layout_width">wrap_content</item>
        <item name="android:layout_height">wrap_content</item>
        <item name="android:background">@drawable/bg_chat_msg_left1</item>
        <item name="android:lineSpacingExtra">@dimen/dip_10</item>
        <item name="android:paddingLeft">@dimen/dip_20</item>
        <item name="android:paddingRight">@dimen/dip_20</item>
        <item name="android:paddingTop">@dimen/dip_15</item>
        <item name="android:paddingBottom">@dimen/dip_5</item>
        <item name="android:textSize">@dimen/sp_30</item>
        <item name="android:gravity">center_vertical</item>
    </style>
</resources>
