<?xml version="1.0" encoding="utf-8"?>
<resources>
    <!-- 统一屏幕适配dp -->
    <dimen name="dip_0">0.0dp</dimen>
    <dimen name="dip_1">1.3333333333333333dp</dimen>
    <dimen name="dip_2">2.6666666666666665dp</dimen>
    <dimen name="dip_3">4.0dp</dimen>
    <dimen name="dip_4">5.333333333333333dp</dimen>
    <dimen name="dip_5">6.666666666666667dp</dimen>
    <dimen name="dip_6">8.0dp</dimen>
    <dimen name="dip_7">9.333333333333334dp</dimen>
    <dimen name="dip_8">10.666666666666666dp</dimen>
    <dimen name="dip_9">12.0dp</dimen>
    <dimen name="dip_10">13.333333333333334dp</dimen>
    <dimen name="dip_11">14.666666666666666dp</dimen>
    <dimen name="dip_12">16.0dp</dimen>
    <dimen name="dip_13">17.333333333333332dp</dimen>
    <dimen name="dip_14">18.666666666666668dp</dimen>
    <dimen name="dip_15">20.0dp</dimen>
    <dimen name="dip_16">21.333333333333332dp</dimen>
    <dimen name="dip_17">22.666666666666668dp</dimen>
    <dimen name="dip_18">24.0dp</dimen>
    <dimen name="dip_19">25.333333333333332dp</dimen>
    <dimen name="dip_20">26.666666666666668dp</dimen>
    <dimen name="dip_21">28.0dp</dimen>
    <dimen name="dip_22">29.333333333333332dp</dimen>
    <dimen name="dip_23">30.666666666666668dp</dimen>
    <dimen name="dip_24">32.0dp</dimen>
    <dimen name="dip_25">33.333333333333336dp</dimen>
    <dimen name="dip_26">34.666666666666664dp</dimen>
    <dimen name="dip_27">36.0dp</dimen>
    <dimen name="dip_28">37.333333333333336dp</dimen>
    <dimen name="dip_29">38.666666666666664dp</dimen>
    <dimen name="dip_30">40.0dp</dimen>
    <dimen name="dip_31">41.333333333333336dp</dimen>
    <dimen name="dip_32">42.666666666666664dp</dimen>
    <dimen name="dip_33">44.0dp</dimen>
    <dimen name="dip_34">45.333333333333336dp</dimen>
    <dimen name="dip_35">46.666666666666664dp</dimen>
    <dimen name="dip_36">48.0dp</dimen>
    <dimen name="dip_37">49.333333333333336dp</dimen>
    <dimen name="dip_38">50.666666666666664dp</dimen>
    <dimen name="dip_39">52.0dp</dimen>
    <dimen name="dip_40">53.333333333333336dp</dimen>
    <dimen name="dip_41">54.666666666666664dp</dimen>
    <dimen name="dip_42">56.0dp</dimen>
    <dimen name="dip_43">57.333333333333336dp</dimen>
    <dimen name="dip_44">58.666666666666664dp</dimen>
    <dimen name="dip_45">60.0dp</dimen>
    <dimen name="dip_46">61.333333333333336dp</dimen>
    <dimen name="dip_47">62.666666666666664dp</dimen>
    <dimen name="dip_48">64.0dp</dimen>
    <dimen name="dip_49">65.33333333333333dp</dimen>
    <dimen name="dip_50">66.66666666666667dp</dimen>
    <dimen name="dip_51">68.0dp</dimen>
    <dimen name="dip_52">69.33333333333333dp</dimen>
    <dimen name="dip_53">70.66666666666667dp</dimen>
    <dimen name="dip_54">72.0dp</dimen>
    <dimen name="dip_55">73.33333333333333dp</dimen>
    <dimen name="dip_56">74.66666666666667dp</dimen>
    <dimen name="dip_57">76.0dp</dimen>
    <dimen name="dip_58">77.33333333333333dp</dimen>
    <dimen name="dip_59">78.66666666666667dp</dimen>
    <dimen name="dip_60">80.0dp</dimen>
    <dimen name="dip_61">81.33333333333333dp</dimen>
    <dimen name="dip_62">82.66666666666667dp</dimen>
    <dimen name="dip_63">84.0dp</dimen>
    <dimen name="dip_64">85.33333333333333dp</dimen>
    <dimen name="dip_65">86.66666666666667dp</dimen>
    <dimen name="dip_66">88.0dp</dimen>
    <dimen name="dip_67">89.33333333333333dp</dimen>
    <dimen name="dip_68">90.66666666666667dp</dimen>
    <dimen name="dip_69">92.0dp</dimen>
    <dimen name="dip_70">93.33333333333333dp</dimen>
    <dimen name="dip_71">94.66666666666667dp</dimen>
    <dimen name="dip_72">96.0dp</dimen>
    <dimen name="dip_73">97.33333333333333dp</dimen>
    <dimen name="dip_74">98.66666666666667dp</dimen>
    <dimen name="dip_75">100.0dp</dimen>
    <dimen name="dip_76">101.33333333333333dp</dimen>
    <dimen name="dip_77">102.66666666666667dp</dimen>
    <dimen name="dip_78">104.0dp</dimen>
    <dimen name="dip_79">105.33333333333333dp</dimen>
    <dimen name="dip_80">106.66666666666667dp</dimen>
    <dimen name="dip_81">108.0dp</dimen>
    <dimen name="dip_82">109.33333333333333dp</dimen>
    <dimen name="dip_83">110.66666666666667dp</dimen>
    <dimen name="dip_84">112.0dp</dimen>
    <dimen name="dip_85">113.33333333333333dp</dimen>
    <dimen name="dip_86">114.66666666666667dp</dimen>
    <dimen name="dip_87">116.0dp</dimen>
    <dimen name="dip_88">117.33333333333333dp</dimen>
    <dimen name="dip_89">118.66666666666667dp</dimen>
    <dimen name="dip_90">120.0dp</dimen>
    <dimen name="dip_91">121.33333333333333dp</dimen>
    <dimen name="dip_92">122.66666666666667dp</dimen>
    <dimen name="dip_93">124.0dp</dimen>
    <dimen name="dip_94">125.33333333333333dp</dimen>
    <dimen name="dip_95">126.66666666666667dp</dimen>
    <dimen name="dip_96">128.0dp</dimen>
    <dimen name="dip_97">129.33333333333334dp</dimen>
    <dimen name="dip_98">130.66666666666666dp</dimen>
    <dimen name="dip_99">132.0dp</dimen>
    <dimen name="dip_100">133.33333333333334dp</dimen>
    <dimen name="dip_101">134.66666666666666dp</dimen>
    <dimen name="dip_102">136.0dp</dimen>
    <dimen name="dip_103">137.33333333333334dp</dimen>
    <dimen name="dip_104">138.66666666666666dp</dimen>
    <dimen name="dip_105">140.0dp</dimen>
    <dimen name="dip_106">141.33333333333334dp</dimen>
    <dimen name="dip_107">142.66666666666666dp</dimen>
    <dimen name="dip_108">144.0dp</dimen>
    <dimen name="dip_109">145.33333333333334dp</dimen>
    <dimen name="dip_110">146.66666666666666dp</dimen>
    <dimen name="dip_111">148.0dp</dimen>
    <dimen name="dip_112">149.33333333333334dp</dimen>
    <dimen name="dip_113">150.66666666666666dp</dimen>
    <dimen name="dip_114">152.0dp</dimen>
    <dimen name="dip_115">153.33333333333334dp</dimen>
    <dimen name="dip_116">154.66666666666666dp</dimen>
    <dimen name="dip_117">156.0dp</dimen>
    <dimen name="dip_118">157.33333333333334dp</dimen>
    <dimen name="dip_119">158.66666666666666dp</dimen>
    <dimen name="dip_120">160.0dp</dimen>
    <dimen name="dip_121">161.33333333333334dp</dimen>
    <dimen name="dip_122">162.66666666666666dp</dimen>
    <dimen name="dip_123">164.0dp</dimen>
    <dimen name="dip_124">165.33333333333334dp</dimen>
    <dimen name="dip_125">166.66666666666666dp</dimen>
    <dimen name="dip_126">168.0dp</dimen>
    <dimen name="dip_127">169.33333333333334dp</dimen>
    <dimen name="dip_128">170.66666666666666dp</dimen>
    <dimen name="dip_129">172.0dp</dimen>
    <dimen name="dip_130">173.33333333333334dp</dimen>
    <dimen name="dip_131">174.66666666666666dp</dimen>
    <dimen name="dip_132">176.0dp</dimen>
    <dimen name="dip_133">177.33333333333334dp</dimen>
    <dimen name="dip_134">178.66666666666666dp</dimen>
    <dimen name="dip_135">180.0dp</dimen>
    <dimen name="dip_136">181.33333333333334dp</dimen>
    <dimen name="dip_137">182.66666666666666dp</dimen>
    <dimen name="dip_138">184.0dp</dimen>
    <dimen name="dip_139">185.33333333333334dp</dimen>
    <dimen name="dip_140">186.66666666666666dp</dimen>
    <dimen name="dip_141">188.0dp</dimen>
    <dimen name="dip_142">189.33333333333334dp</dimen>
    <dimen name="dip_143">190.66666666666666dp</dimen>
    <dimen name="dip_144">192.0dp</dimen>
    <dimen name="dip_145">193.33333333333334dp</dimen>
    <dimen name="dip_146">194.66666666666666dp</dimen>
    <dimen name="dip_147">196.0dp</dimen>
    <dimen name="dip_148">197.33333333333334dp</dimen>
    <dimen name="dip_149">198.66666666666666dp</dimen>
    <dimen name="dip_150">200.0dp</dimen>
    <dimen name="dip_151">201.33333333333334dp</dimen>
    <dimen name="dip_152">202.66666666666666dp</dimen>
    <dimen name="dip_153">204.0dp</dimen>
    <dimen name="dip_154">205.33333333333334dp</dimen>
    <dimen name="dip_155">206.66666666666666dp</dimen>
    <dimen name="dip_156">208.0dp</dimen>
    <dimen name="dip_157">209.33333333333334dp</dimen>
    <dimen name="dip_158">210.66666666666666dp</dimen>
    <dimen name="dip_159">212.0dp</dimen>
    <dimen name="dip_160">213.33333333333334dp</dimen>
    <dimen name="dip_161">214.66666666666666dp</dimen>
    <dimen name="dip_162">216.0dp</dimen>
    <dimen name="dip_163">217.33333333333334dp</dimen>
    <dimen name="dip_164">218.66666666666666dp</dimen>
    <dimen name="dip_165">220.0dp</dimen>
    <dimen name="dip_166">221.33333333333334dp</dimen>
    <dimen name="dip_167">222.66666666666666dp</dimen>
    <dimen name="dip_168">224.0dp</dimen>
    <dimen name="dip_169">225.33333333333334dp</dimen>
    <dimen name="dip_170">226.66666666666666dp</dimen>
    <dimen name="dip_171">228.0dp</dimen>
    <dimen name="dip_172">229.33333333333334dp</dimen>
    <dimen name="dip_173">230.66666666666666dp</dimen>
    <dimen name="dip_174">232.0dp</dimen>
    <dimen name="dip_175">233.33333333333334dp</dimen>
    <dimen name="dip_176">234.66666666666666dp</dimen>
    <dimen name="dip_177">236.0dp</dimen>
    <dimen name="dip_178">237.33333333333334dp</dimen>
    <dimen name="dip_179">238.66666666666666dp</dimen>
    <dimen name="dip_180">240.0dp</dimen>
    <dimen name="dip_181">241.33333333333334dp</dimen>
    <dimen name="dip_182">242.66666666666666dp</dimen>
    <dimen name="dip_183">244.0dp</dimen>
    <dimen name="dip_184">245.33333333333334dp</dimen>
    <dimen name="dip_185">246.66666666666666dp</dimen>
    <dimen name="dip_186">248.0dp</dimen>
    <dimen name="dip_187">249.33333333333334dp</dimen>
    <dimen name="dip_188">250.66666666666666dp</dimen>
    <dimen name="dip_189">252.0dp</dimen>
    <dimen name="dip_190">253.33333333333334dp</dimen>
    <dimen name="dip_191">254.66666666666666dp</dimen>
    <dimen name="dip_192">256.0dp</dimen>
    <dimen name="dip_193">257.3333333333333dp</dimen>
    <dimen name="dip_194">258.6666666666667dp</dimen>
    <dimen name="dip_195">260.0dp</dimen>
    <dimen name="dip_196">261.3333333333333dp</dimen>
    <dimen name="dip_197">262.6666666666667dp</dimen>
    <dimen name="dip_198">264.0dp</dimen>
    <dimen name="dip_199">265.3333333333333dp</dimen>
    <dimen name="dip_200">266.6666666666667dp</dimen>
    <dimen name="dip_201">268.0dp</dimen>
    <dimen name="dip_202">269.3333333333333dp</dimen>
    <dimen name="dip_203">270.6666666666667dp</dimen>
    <dimen name="dip_204">272.0dp</dimen>
    <dimen name="dip_205">273.3333333333333dp</dimen>
    <dimen name="dip_206">274.6666666666667dp</dimen>
    <dimen name="dip_207">276.0dp</dimen>
    <dimen name="dip_208">277.3333333333333dp</dimen>
    <dimen name="dip_209">278.6666666666667dp</dimen>
    <dimen name="dip_210">280.0dp</dimen>
    <dimen name="dip_211">281.3333333333333dp</dimen>
    <dimen name="dip_212">282.6666666666667dp</dimen>
    <dimen name="dip_213">284.0dp</dimen>
    <dimen name="dip_214">285.3333333333333dp</dimen>
    <dimen name="dip_215">286.6666666666667dp</dimen>
    <dimen name="dip_216">288.0dp</dimen>
    <dimen name="dip_217">289.3333333333333dp</dimen>
    <dimen name="dip_218">290.6666666666667dp</dimen>
    <dimen name="dip_219">292.0dp</dimen>
    <dimen name="dip_220">293.3333333333333dp</dimen>
    <dimen name="dip_221">294.6666666666667dp</dimen>
    <dimen name="dip_222">296.0dp</dimen>
    <dimen name="dip_223">297.3333333333333dp</dimen>
    <dimen name="dip_224">298.6666666666667dp</dimen>
    <dimen name="dip_225">300.0dp</dimen>
    <dimen name="dip_226">301.3333333333333dp</dimen>
    <dimen name="dip_227">302.6666666666667dp</dimen>
    <dimen name="dip_228">304.0dp</dimen>
    <dimen name="dip_229">305.3333333333333dp</dimen>
    <dimen name="dip_230">306.6666666666667dp</dimen>
    <dimen name="dip_231">308.0dp</dimen>
    <dimen name="dip_232">309.3333333333333dp</dimen>
    <dimen name="dip_233">310.6666666666667dp</dimen>
    <dimen name="dip_234">312.0dp</dimen>
    <dimen name="dip_235">313.3333333333333dp</dimen>
    <dimen name="dip_236">314.6666666666667dp</dimen>
    <dimen name="dip_237">316.0dp</dimen>
    <dimen name="dip_238">317.3333333333333dp</dimen>
    <dimen name="dip_239">318.6666666666667dp</dimen>
    <dimen name="dip_240">320.0dp</dimen>
    <dimen name="dip_241">321.3333333333333dp</dimen>
    <dimen name="dip_242">322.6666666666667dp</dimen>
    <dimen name="dip_243">324.0dp</dimen>
    <dimen name="dip_244">325.3333333333333dp</dimen>
    <dimen name="dip_245">326.6666666666667dp</dimen>
    <dimen name="dip_246">328.0dp</dimen>
    <dimen name="dip_247">329.3333333333333dp</dimen>
    <dimen name="dip_248">330.6666666666667dp</dimen>
    <dimen name="dip_249">332.0dp</dimen>
    <dimen name="dip_250">333.3333333333333dp</dimen>
    <dimen name="dip_251">334.6666666666667dp</dimen>
    <dimen name="dip_252">336.0dp</dimen>
    <dimen name="dip_253">337.3333333333333dp</dimen>
    <dimen name="dip_254">338.6666666666667dp</dimen>
    <dimen name="dip_255">340.0dp</dimen>
    <dimen name="dip_256">341.3333333333333dp</dimen>
    <dimen name="dip_257">342.6666666666667dp</dimen>
    <dimen name="dip_258">344.0dp</dimen>
    <dimen name="dip_259">345.3333333333333dp</dimen>
    <dimen name="dip_260">346.6666666666667dp</dimen>
    <dimen name="dip_261">348.0dp</dimen>
    <dimen name="dip_262">349.3333333333333dp</dimen>
    <dimen name="dip_263">350.6666666666667dp</dimen>
    <dimen name="dip_264">352.0dp</dimen>
    <dimen name="dip_265">353.3333333333333dp</dimen>
    <dimen name="dip_266">354.6666666666667dp</dimen>
    <dimen name="dip_267">356.0dp</dimen>
    <dimen name="dip_268">357.3333333333333dp</dimen>
    <dimen name="dip_269">358.6666666666667dp</dimen>
    <dimen name="dip_270">360.0dp</dimen>
    <dimen name="dip_271">361.3333333333333dp</dimen>
    <dimen name="dip_272">362.6666666666667dp</dimen>
    <dimen name="dip_273">364.0dp</dimen>
    <dimen name="dip_274">365.3333333333333dp</dimen>
    <dimen name="dip_275">366.6666666666667dp</dimen>
    <dimen name="dip_276">368.0dp</dimen>
    <dimen name="dip_277">369.3333333333333dp</dimen>
    <dimen name="dip_278">370.6666666666667dp</dimen>
    <dimen name="dip_279">372.0dp</dimen>
    <dimen name="dip_280">373.3333333333333dp</dimen>
    <dimen name="dip_281">374.6666666666667dp</dimen>
    <dimen name="dip_282">376.0dp</dimen>
    <dimen name="dip_283">377.3333333333333dp</dimen>
    <dimen name="dip_284">378.6666666666667dp</dimen>
    <dimen name="dip_285">380.0dp</dimen>
    <dimen name="dip_286">381.3333333333333dp</dimen>
    <dimen name="dip_287">382.6666666666667dp</dimen>
    <dimen name="dip_288">384.0dp</dimen>
    <dimen name="dip_289">385.3333333333333dp</dimen>
    <dimen name="dip_290">386.6666666666667dp</dimen>
    <dimen name="dip_291">388.0dp</dimen>
    <dimen name="dip_292">389.3333333333333dp</dimen>
    <dimen name="dip_293">390.6666666666667dp</dimen>
    <dimen name="dip_294">392.0dp</dimen>
    <dimen name="dip_295">393.3333333333333dp</dimen>
    <dimen name="dip_296">394.6666666666667dp</dimen>
    <dimen name="dip_297">396.0dp</dimen>
    <dimen name="dip_298">397.3333333333333dp</dimen>
    <dimen name="dip_299">398.6666666666667dp</dimen>
    <dimen name="dip_300">400.0dp</dimen>
    <dimen name="dip_301">401.3333333333333dp</dimen>
    <dimen name="dip_302">402.6666666666667dp</dimen>
    <dimen name="dip_303">404.0dp</dimen>
    <dimen name="dip_304">405.3333333333333dp</dimen>
    <dimen name="dip_305">406.6666666666667dp</dimen>
    <dimen name="dip_306">408.0dp</dimen>
    <dimen name="dip_307">409.3333333333333dp</dimen>
    <dimen name="dip_308">410.6666666666667dp</dimen>
    <dimen name="dip_309">412.0dp</dimen>
    <dimen name="dip_310">413.3333333333333dp</dimen>
    <dimen name="dip_311">414.6666666666667dp</dimen>
    <dimen name="dip_312">416.0dp</dimen>
    <dimen name="dip_313">417.3333333333333dp</dimen>
    <dimen name="dip_314">418.6666666666667dp</dimen>
    <dimen name="dip_315">420.0dp</dimen>
    <dimen name="dip_316">421.3333333333333dp</dimen>
    <dimen name="dip_317">422.6666666666667dp</dimen>
    <dimen name="dip_318">424.0dp</dimen>
    <dimen name="dip_319">425.3333333333333dp</dimen>
    <dimen name="dip_320">426.6666666666667dp</dimen>
    <dimen name="dip_321">428.0dp</dimen>
    <dimen name="dip_322">429.3333333333333dp</dimen>
    <dimen name="dip_323">430.6666666666667dp</dimen>
    <dimen name="dip_324">432.0dp</dimen>
    <dimen name="dip_325">433.3333333333333dp</dimen>
    <dimen name="dip_326">434.6666666666667dp</dimen>
    <dimen name="dip_327">436.0dp</dimen>
    <dimen name="dip_328">437.3333333333333dp</dimen>
    <dimen name="dip_329">438.6666666666667dp</dimen>
    <dimen name="dip_330">440.0dp</dimen>
    <dimen name="dip_331">441.3333333333333dp</dimen>
    <dimen name="dip_332">442.6666666666667dp</dimen>
    <dimen name="dip_333">444.0dp</dimen>
    <dimen name="dip_334">445.3333333333333dp</dimen>
    <dimen name="dip_335">446.6666666666667dp</dimen>
    <dimen name="dip_336">448.0dp</dimen>
    <dimen name="dip_337">449.3333333333333dp</dimen>
    <dimen name="dip_338">450.6666666666667dp</dimen>
    <dimen name="dip_339">452.0dp</dimen>
    <dimen name="dip_340">453.3333333333333dp</dimen>
    <dimen name="dip_341">454.6666666666667dp</dimen>
    <dimen name="dip_342">456.0dp</dimen>
    <dimen name="dip_343">457.3333333333333dp</dimen>
    <dimen name="dip_344">458.6666666666667dp</dimen>
    <dimen name="dip_345">460.0dp</dimen>
    <dimen name="dip_346">461.3333333333333dp</dimen>
    <dimen name="dip_347">462.6666666666667dp</dimen>
    <dimen name="dip_348">464.0dp</dimen>
    <dimen name="dip_349">465.3333333333333dp</dimen>
    <dimen name="dip_350">466.6666666666667dp</dimen>
    <dimen name="dip_351">468.0dp</dimen>
    <dimen name="dip_352">469.3333333333333dp</dimen>
    <dimen name="dip_353">470.6666666666667dp</dimen>
    <dimen name="dip_354">472.0dp</dimen>
    <dimen name="dip_355">473.3333333333333dp</dimen>
    <dimen name="dip_356">474.6666666666667dp</dimen>
    <dimen name="dip_357">476.0dp</dimen>
    <dimen name="dip_358">477.3333333333333dp</dimen>
    <dimen name="dip_359">478.6666666666667dp</dimen>
    <dimen name="dip_360">480.0dp</dimen>
    <dimen name="dip_361">481.3333333333333dp</dimen>
    <dimen name="dip_362">482.6666666666667dp</dimen>
    <dimen name="dip_363">484.0dp</dimen>
    <dimen name="dip_364">485.3333333333333dp</dimen>
    <dimen name="dip_365">486.6666666666667dp</dimen>
    <dimen name="dip_366">488.0dp</dimen>
    <dimen name="dip_367">489.3333333333333dp</dimen>
    <dimen name="dip_368">490.6666666666667dp</dimen>
    <dimen name="dip_369">492.0dp</dimen>
    <dimen name="dip_370">493.3333333333333dp</dimen>
    <dimen name="dip_371">494.6666666666667dp</dimen>
    <dimen name="dip_372">496.0dp</dimen>
    <dimen name="dip_373">497.3333333333333dp</dimen>
    <dimen name="dip_374">498.6666666666667dp</dimen>
    <dimen name="dip_375">500.0dp</dimen>
    <dimen name="dip_376">501.3333333333333dp</dimen>
    <dimen name="dip_377">502.6666666666667dp</dimen>
    <dimen name="dip_378">504.0dp</dimen>
    <dimen name="dip_379">505.3333333333333dp</dimen>
    <dimen name="dip_380">506.6666666666667dp</dimen>
    <dimen name="dip_381">508.0dp</dimen>
    <dimen name="dip_382">509.3333333333333dp</dimen>
    <dimen name="dip_383">510.6666666666667dp</dimen>
    <dimen name="dip_384">512.0dp</dimen>
    <dimen name="dip_385">513.3333333333334dp</dimen>
    <dimen name="dip_386">514.6666666666666dp</dimen>
    <dimen name="dip_387">516.0dp</dimen>
    <dimen name="dip_388">517.3333333333334dp</dimen>
    <dimen name="dip_389">518.6666666666666dp</dimen>
    <dimen name="dip_390">520.0dp</dimen>
    <dimen name="dip_391">521.3333333333334dp</dimen>
    <dimen name="dip_392">522.6666666666666dp</dimen>
    <dimen name="dip_393">524.0dp</dimen>
    <dimen name="dip_394">525.3333333333334dp</dimen>
    <dimen name="dip_395">526.6666666666666dp</dimen>
    <dimen name="dip_396">528.0dp</dimen>
    <dimen name="dip_397">529.3333333333334dp</dimen>
    <dimen name="dip_398">530.6666666666666dp</dimen>
    <dimen name="dip_399">532.0dp</dimen>
    <dimen name="dip_400">533.3333333333334dp</dimen>
    <dimen name="dip_401">534.6666666666666dp</dimen>
    <dimen name="dip_402">536.0dp</dimen>
    <dimen name="dip_403">537.3333333333334dp</dimen>
    <dimen name="dip_404">538.6666666666666dp</dimen>
    <dimen name="dip_405">540.0dp</dimen>
    <dimen name="dip_406">541.3333333333334dp</dimen>
    <dimen name="dip_407">542.6666666666666dp</dimen>
    <dimen name="dip_408">544.0dp</dimen>
    <dimen name="dip_409">545.3333333333334dp</dimen>
    <dimen name="dip_410">546.6666666666666dp</dimen>
    <dimen name="dip_411">548.0dp</dimen>
    <dimen name="dip_412">549.3333333333334dp</dimen>
    <dimen name="dip_413">550.6666666666666dp</dimen>
    <dimen name="dip_414">552.0dp</dimen>
    <dimen name="dip_415">553.3333333333334dp</dimen>
    <dimen name="dip_416">554.6666666666666dp</dimen>
    <dimen name="dip_417">556.0dp</dimen>
    <dimen name="dip_418">557.3333333333334dp</dimen>
    <dimen name="dip_419">558.6666666666666dp</dimen>
    <dimen name="dip_420">560.0dp</dimen>
    <dimen name="dip_421">561.3333333333334dp</dimen>
    <dimen name="dip_422">562.6666666666666dp</dimen>
    <dimen name="dip_423">564.0dp</dimen>
    <dimen name="dip_424">565.3333333333334dp</dimen>
    <dimen name="dip_425">566.6666666666666dp</dimen>
    <dimen name="dip_426">568.0dp</dimen>
    <dimen name="dip_427">569.3333333333334dp</dimen>
    <dimen name="dip_428">570.6666666666666dp</dimen>
    <dimen name="dip_429">572.0dp</dimen>
    <dimen name="dip_430">573.3333333333334dp</dimen>
    <dimen name="dip_431">574.6666666666666dp</dimen>
    <dimen name="dip_432">576.0dp</dimen>
    <dimen name="dip_433">577.3333333333334dp</dimen>
    <dimen name="dip_434">578.6666666666666dp</dimen>
    <dimen name="dip_435">580.0dp</dimen>
    <dimen name="dip_436">581.3333333333334dp</dimen>
    <dimen name="dip_437">582.6666666666666dp</dimen>
    <dimen name="dip_438">584.0dp</dimen>
    <dimen name="dip_439">585.3333333333334dp</dimen>
    <dimen name="dip_440">586.6666666666666dp</dimen>
    <dimen name="dip_441">588.0dp</dimen>
    <dimen name="dip_442">589.3333333333334dp</dimen>
    <dimen name="dip_443">590.6666666666666dp</dimen>
    <dimen name="dip_444">592.0dp</dimen>
    <dimen name="dip_445">593.3333333333334dp</dimen>
    <dimen name="dip_446">594.6666666666666dp</dimen>
    <dimen name="dip_447">596.0dp</dimen>
    <dimen name="dip_448">597.3333333333334dp</dimen>
    <dimen name="dip_449">598.6666666666666dp</dimen>
    <dimen name="dip_450">600.0dp</dimen>
    <dimen name="dip_451">601.3333333333334dp</dimen>
    <dimen name="dip_452">602.6666666666666dp</dimen>
    <dimen name="dip_453">604.0dp</dimen>
    <dimen name="dip_454">605.3333333333334dp</dimen>
    <dimen name="dip_455">606.6666666666666dp</dimen>
    <dimen name="dip_456">608.0dp</dimen>
    <dimen name="dip_457">609.3333333333334dp</dimen>
    <dimen name="dip_458">610.6666666666666dp</dimen>
    <dimen name="dip_459">612.0dp</dimen>
    <dimen name="dip_460">613.3333333333334dp</dimen>
    <dimen name="dip_461">614.6666666666666dp</dimen>
    <dimen name="dip_462">616.0dp</dimen>
    <dimen name="dip_463">617.3333333333334dp</dimen>
    <dimen name="dip_464">618.6666666666666dp</dimen>
    <dimen name="dip_465">620.0dp</dimen>
    <dimen name="dip_466">621.3333333333334dp</dimen>
    <dimen name="dip_467">622.6666666666666dp</dimen>
    <dimen name="dip_468">624.0dp</dimen>
    <dimen name="dip_469">625.3333333333334dp</dimen>
    <dimen name="dip_470">626.6666666666666dp</dimen>
    <dimen name="dip_471">628.0dp</dimen>
    <dimen name="dip_472">629.3333333333334dp</dimen>
    <dimen name="dip_473">630.6666666666666dp</dimen>
    <dimen name="dip_474">632.0dp</dimen>
    <dimen name="dip_475">633.3333333333334dp</dimen>
    <dimen name="dip_476">634.6666666666666dp</dimen>
    <dimen name="dip_477">636.0dp</dimen>
    <dimen name="dip_478">637.3333333333334dp</dimen>
    <dimen name="dip_479">638.6666666666666dp</dimen>
    <dimen name="dip_480">640.0dp</dimen>
    <dimen name="dip_481">641.3333333333334dp</dimen>
    <dimen name="dip_482">642.6666666666666dp</dimen>
    <dimen name="dip_483">644.0dp</dimen>
    <dimen name="dip_484">645.3333333333334dp</dimen>
    <dimen name="dip_485">646.6666666666666dp</dimen>
    <dimen name="dip_486">648.0dp</dimen>
    <dimen name="dip_487">649.3333333333334dp</dimen>
    <dimen name="dip_488">650.6666666666666dp</dimen>
    <dimen name="dip_489">652.0dp</dimen>
    <dimen name="dip_490">653.3333333333334dp</dimen>
    <dimen name="dip_491">654.6666666666666dp</dimen>
    <dimen name="dip_492">656.0dp</dimen>
    <dimen name="dip_493">657.3333333333334dp</dimen>
    <dimen name="dip_494">658.6666666666666dp</dimen>
    <dimen name="dip_495">660.0dp</dimen>
    <dimen name="dip_496">661.3333333333334dp</dimen>
    <dimen name="dip_497">662.6666666666666dp</dimen>
    <dimen name="dip_498">664.0dp</dimen>
    <dimen name="dip_499">665.3333333333334dp</dimen>
    <dimen name="dip_500">666.6666666666666dp</dimen>
    <dimen name="dip_501">668.0dp</dimen>
    <dimen name="dip_502">669.3333333333334dp</dimen>
    <dimen name="dip_503">670.6666666666666dp</dimen>
    <dimen name="dip_504">672.0dp</dimen>
    <dimen name="dip_505">673.3333333333334dp</dimen>
    <dimen name="dip_506">674.6666666666666dp</dimen>
    <dimen name="dip_507">676.0dp</dimen>
    <dimen name="dip_508">677.3333333333334dp</dimen>
    <dimen name="dip_509">678.6666666666666dp</dimen>
    <dimen name="dip_510">680.0dp</dimen>
    <dimen name="dip_511">681.3333333333334dp</dimen>
    <dimen name="dip_512">682.6666666666666dp</dimen>
    <dimen name="dip_513">684.0dp</dimen>
    <dimen name="dip_514">685.3333333333334dp</dimen>
    <dimen name="dip_515">686.6666666666666dp</dimen>
    <dimen name="dip_516">688.0dp</dimen>
    <dimen name="dip_517">689.3333333333334dp</dimen>
    <dimen name="dip_518">690.6666666666666dp</dimen>
    <dimen name="dip_519">692.0dp</dimen>
    <dimen name="dip_520">693.3333333333334dp</dimen>
    <dimen name="dip_521">694.6666666666666dp</dimen>
    <dimen name="dip_522">696.0dp</dimen>
    <dimen name="dip_523">697.3333333333334dp</dimen>
    <dimen name="dip_524">698.6666666666666dp</dimen>
    <dimen name="dip_525">700.0dp</dimen>
    <dimen name="dip_526">701.3333333333334dp</dimen>
    <dimen name="dip_527">702.6666666666666dp</dimen>
    <dimen name="dip_528">704.0dp</dimen>
    <dimen name="dip_529">705.3333333333334dp</dimen>
    <dimen name="dip_530">706.6666666666666dp</dimen>
    <dimen name="dip_531">708.0dp</dimen>
    <dimen name="dip_532">709.3333333333334dp</dimen>
    <dimen name="dip_533">710.6666666666666dp</dimen>
    <dimen name="dip_534">712.0dp</dimen>
    <dimen name="dip_535">713.3333333333334dp</dimen>
    <dimen name="dip_536">714.6666666666666dp</dimen>
    <dimen name="dip_537">716.0dp</dimen>
    <dimen name="dip_538">717.3333333333334dp</dimen>
    <dimen name="dip_539">718.6666666666666dp</dimen>
    <dimen name="dip_540">720.0dp</dimen>
    <dimen name="dip_541">721.3333333333334dp</dimen>
    <dimen name="dip_542">722.6666666666666dp</dimen>
    <dimen name="dip_543">724.0dp</dimen>
    <dimen name="dip_544">725.3333333333334dp</dimen>
    <dimen name="dip_545">726.6666666666666dp</dimen>
    <dimen name="dip_546">728.0dp</dimen>
    <dimen name="dip_547">729.3333333333334dp</dimen>
    <dimen name="dip_548">730.6666666666666dp</dimen>
    <dimen name="dip_549">732.0dp</dimen>
    <dimen name="dip_550">733.3333333333334dp</dimen>
    <dimen name="dip_551">734.6666666666666dp</dimen>
    <dimen name="dip_552">736.0dp</dimen>
    <dimen name="dip_553">737.3333333333334dp</dimen>
    <dimen name="dip_554">738.6666666666666dp</dimen>
    <dimen name="dip_555">740.0dp</dimen>
    <dimen name="dip_556">741.3333333333334dp</dimen>
    <dimen name="dip_557">742.6666666666666dp</dimen>
    <dimen name="dip_558">744.0dp</dimen>
    <dimen name="dip_559">745.3333333333334dp</dimen>
    <dimen name="dip_560">746.6666666666666dp</dimen>
    <dimen name="dip_561">748.0dp</dimen>
    <dimen name="dip_562">749.3333333333334dp</dimen>
    <dimen name="dip_563">750.6666666666666dp</dimen>
    <dimen name="dip_564">752.0dp</dimen>
    <dimen name="dip_565">753.3333333333334dp</dimen>
    <dimen name="dip_566">754.6666666666666dp</dimen>
    <dimen name="dip_567">756.0dp</dimen>
    <dimen name="dip_568">757.3333333333334dp</dimen>
    <dimen name="dip_569">758.6666666666666dp</dimen>
    <dimen name="dip_570">760.0dp</dimen>
    <dimen name="dip_571">761.3333333333334dp</dimen>
    <dimen name="dip_572">762.6666666666666dp</dimen>
    <dimen name="dip_573">764.0dp</dimen>
    <dimen name="dip_574">765.3333333333334dp</dimen>
    <dimen name="dip_575">766.6666666666666dp</dimen>
    <dimen name="dip_576">768.0dp</dimen>
    <dimen name="dip_577">769.3333333333334dp</dimen>
    <dimen name="dip_578">770.6666666666666dp</dimen>
    <dimen name="dip_579">772.0dp</dimen>
    <dimen name="dip_580">773.3333333333334dp</dimen>
    <dimen name="dip_581">774.6666666666666dp</dimen>
    <dimen name="dip_582">776.0dp</dimen>
    <dimen name="dip_583">777.3333333333334dp</dimen>
    <dimen name="dip_584">778.6666666666666dp</dimen>
    <dimen name="dip_585">780.0dp</dimen>
    <dimen name="dip_586">781.3333333333334dp</dimen>
    <dimen name="dip_587">782.6666666666666dp</dimen>
    <dimen name="dip_588">784.0dp</dimen>
    <dimen name="dip_589">785.3333333333334dp</dimen>
    <dimen name="dip_590">786.6666666666666dp</dimen>
    <dimen name="dip_591">788.0dp</dimen>
    <dimen name="dip_592">789.3333333333334dp</dimen>
    <dimen name="dip_593">790.6666666666666dp</dimen>
    <dimen name="dip_594">792.0dp</dimen>
    <dimen name="dip_595">793.3333333333334dp</dimen>
    <dimen name="dip_596">794.6666666666666dp</dimen>
    <dimen name="dip_597">796.0dp</dimen>
    <dimen name="dip_598">797.3333333333334dp</dimen>
    <dimen name="dip_599">798.6666666666666dp</dimen>
    <dimen name="dip_600">800.0dp</dimen>
    <dimen name="dip_601">801.3333333333334dp</dimen>
    <dimen name="dip_602">802.6666666666666dp</dimen>
    <dimen name="dip_603">804.0dp</dimen>
    <dimen name="dip_604">805.3333333333334dp</dimen>
    <dimen name="dip_605">806.6666666666666dp</dimen>
    <dimen name="dip_606">808.0dp</dimen>
    <dimen name="dip_607">809.3333333333334dp</dimen>
    <dimen name="dip_608">810.6666666666666dp</dimen>
    <dimen name="dip_609">812.0dp</dimen>
    <dimen name="dip_610">813.3333333333334dp</dimen>
    <dimen name="dip_611">814.6666666666666dp</dimen>
    <dimen name="dip_612">816.0dp</dimen>
    <dimen name="dip_613">817.3333333333334dp</dimen>
    <dimen name="dip_614">818.6666666666666dp</dimen>
    <dimen name="dip_615">820.0dp</dimen>
    <dimen name="dip_616">821.3333333333334dp</dimen>
    <dimen name="dip_617">822.6666666666666dp</dimen>
    <dimen name="dip_618">824.0dp</dimen>
    <dimen name="dip_619">825.3333333333334dp</dimen>
    <dimen name="dip_620">826.6666666666666dp</dimen>
    <dimen name="dip_621">828.0dp</dimen>
    <dimen name="dip_622">829.3333333333334dp</dimen>
    <dimen name="dip_623">830.6666666666666dp</dimen>
    <dimen name="dip_624">832.0dp</dimen>
    <dimen name="dip_625">833.3333333333334dp</dimen>
    <dimen name="dip_626">834.6666666666666dp</dimen>
    <dimen name="dip_627">836.0dp</dimen>
    <dimen name="dip_628">837.3333333333334dp</dimen>
    <dimen name="dip_629">838.6666666666666dp</dimen>
    <dimen name="dip_630">840.0dp</dimen>
    <dimen name="dip_631">841.3333333333334dp</dimen>
    <dimen name="dip_632">842.6666666666666dp</dimen>
    <dimen name="dip_633">844.0dp</dimen>
    <dimen name="dip_634">845.3333333333334dp</dimen>
    <dimen name="dip_635">846.6666666666666dp</dimen>
    <dimen name="dip_636">848.0dp</dimen>
    <dimen name="dip_637">849.3333333333334dp</dimen>
    <dimen name="dip_638">850.6666666666666dp</dimen>
    <dimen name="dip_639">852.0dp</dimen>
    <dimen name="dip_640">853.3333333333334dp</dimen>
    <dimen name="dip_641">854.6666666666666dp</dimen>
    <dimen name="dip_642">856.0dp</dimen>
    <dimen name="dip_643">857.3333333333334dp</dimen>
    <dimen name="dip_644">858.6666666666666dp</dimen>
    <dimen name="dip_645">860.0dp</dimen>
    <dimen name="dip_646">861.3333333333334dp</dimen>
    <dimen name="dip_647">862.6666666666666dp</dimen>
    <dimen name="dip_648">864.0dp</dimen>
    <dimen name="dip_649">865.3333333333334dp</dimen>
    <dimen name="dip_650">866.6666666666666dp</dimen>
    <dimen name="dip_651">868.0dp</dimen>
    <dimen name="dip_652">869.3333333333334dp</dimen>
    <dimen name="dip_653">870.6666666666666dp</dimen>
    <dimen name="dip_654">872.0dp</dimen>
    <dimen name="dip_655">873.3333333333334dp</dimen>
    <dimen name="dip_656">874.6666666666666dp</dimen>
    <dimen name="dip_657">876.0dp</dimen>
    <dimen name="dip_658">877.3333333333334dp</dimen>
    <dimen name="dip_659">878.6666666666666dp</dimen>
    <dimen name="dip_660">880.0dp</dimen>
    <dimen name="dip_661">881.3333333333334dp</dimen>
    <dimen name="dip_662">882.6666666666666dp</dimen>
    <dimen name="dip_663">884.0dp</dimen>
    <dimen name="dip_664">885.3333333333334dp</dimen>
    <dimen name="dip_665">886.6666666666666dp</dimen>
    <dimen name="dip_666">888.0dp</dimen>
    <dimen name="dip_667">889.3333333333334dp</dimen>
    <dimen name="dip_668">890.6666666666666dp</dimen>
    <dimen name="dip_669">892.0dp</dimen>
    <dimen name="dip_670">893.3333333333334dp</dimen>
    <dimen name="dip_671">894.6666666666666dp</dimen>
    <dimen name="dip_672">896.0dp</dimen>
    <dimen name="dip_673">897.3333333333334dp</dimen>
    <dimen name="dip_674">898.6666666666666dp</dimen>
    <dimen name="dip_675">900.0dp</dimen>
    <dimen name="dip_676">901.3333333333334dp</dimen>
    <dimen name="dip_677">902.6666666666666dp</dimen>
    <dimen name="dip_678">904.0dp</dimen>
    <dimen name="dip_679">905.3333333333334dp</dimen>
    <dimen name="dip_680">906.6666666666666dp</dimen>
    <dimen name="dip_681">908.0dp</dimen>
    <dimen name="dip_682">909.3333333333334dp</dimen>
    <dimen name="dip_683">910.6666666666666dp</dimen>
    <dimen name="dip_684">912.0dp</dimen>
    <dimen name="dip_685">913.3333333333334dp</dimen>
    <dimen name="dip_686">914.6666666666666dp</dimen>
    <dimen name="dip_687">916.0dp</dimen>
    <dimen name="dip_688">917.3333333333334dp</dimen>
    <dimen name="dip_689">918.6666666666666dp</dimen>
    <dimen name="dip_690">920.0dp</dimen>
    <dimen name="dip_691">921.3333333333334dp</dimen>
    <dimen name="dip_692">922.6666666666666dp</dimen>
    <dimen name="dip_693">924.0dp</dimen>
    <dimen name="dip_694">925.3333333333334dp</dimen>
    <dimen name="dip_695">926.6666666666666dp</dimen>
    <dimen name="dip_696">928.0dp</dimen>
    <dimen name="dip_697">929.3333333333334dp</dimen>
    <dimen name="dip_698">930.6666666666666dp</dimen>
    <dimen name="dip_699">932.0dp</dimen>
    <dimen name="dip_700">933.3333333333334dp</dimen>
    <dimen name="dip_701">934.6666666666666dp</dimen>
    <dimen name="dip_702">936.0dp</dimen>
    <dimen name="dip_703">937.3333333333334dp</dimen>
    <dimen name="dip_704">938.6666666666666dp</dimen>
    <dimen name="dip_705">940.0dp</dimen>
    <dimen name="dip_706">941.3333333333334dp</dimen>
    <dimen name="dip_707">942.6666666666666dp</dimen>
    <dimen name="dip_708">944.0dp</dimen>
    <dimen name="dip_709">945.3333333333334dp</dimen>
    <dimen name="dip_710">946.6666666666666dp</dimen>
    <dimen name="dip_711">948.0dp</dimen>
    <dimen name="dip_712">949.3333333333334dp</dimen>
    <dimen name="dip_713">950.6666666666666dp</dimen>
    <dimen name="dip_714">952.0dp</dimen>
    <dimen name="dip_715">953.3333333333334dp</dimen>
    <dimen name="dip_716">954.6666666666666dp</dimen>
    <dimen name="dip_717">956.0dp</dimen>
    <dimen name="dip_718">957.3333333333334dp</dimen>
    <dimen name="dip_719">958.6666666666666dp</dimen>
    <dimen name="dip_720">960.0dp</dimen>
    <dimen name="dip_721">961.3333333333334dp</dimen>
    <dimen name="dip_722">962.6666666666666dp</dimen>
    <dimen name="dip_723">964.0dp</dimen>
    <dimen name="dip_724">965.3333333333334dp</dimen>
    <dimen name="dip_725">966.6666666666666dp</dimen>
    <dimen name="dip_726">968.0dp</dimen>
    <dimen name="dip_727">969.3333333333334dp</dimen>
    <dimen name="dip_728">970.6666666666666dp</dimen>
    <dimen name="dip_729">972.0dp</dimen>
    <dimen name="dip_730">973.3333333333334dp</dimen>
    <dimen name="dip_731">974.6666666666666dp</dimen>
    <dimen name="dip_732">976.0dp</dimen>
    <dimen name="dip_733">977.3333333333334dp</dimen>
    <dimen name="dip_734">978.6666666666666dp</dimen>
    <dimen name="dip_735">980.0dp</dimen>
    <dimen name="dip_736">981.3333333333334dp</dimen>
    <dimen name="dip_737">982.6666666666666dp</dimen>
    <dimen name="dip_738">984.0dp</dimen>
    <dimen name="dip_739">985.3333333333334dp</dimen>
    <dimen name="dip_740">986.6666666666666dp</dimen>
    <dimen name="dip_741">988.0dp</dimen>
    <dimen name="dip_742">989.3333333333334dp</dimen>
    <dimen name="dip_743">990.6666666666666dp</dimen>
    <dimen name="dip_744">992.0dp</dimen>
    <dimen name="dip_745">993.3333333333334dp</dimen>
    <dimen name="dip_746">994.6666666666666dp</dimen>
    <dimen name="dip_747">996.0dp</dimen>
    <dimen name="dip_748">997.3333333333334dp</dimen>
    <dimen name="dip_749">998.6666666666666dp</dimen>
    <dimen name="dip_750">1000.0dp</dimen>
    <dimen name="dip_751">1001.3333333333334dp</dimen>
    <dimen name="dip_752">1002.6666666666666dp</dimen>
    <dimen name="dip_753">1004.0dp</dimen>
    <dimen name="dip_754">1005.3333333333334dp</dimen>
    <dimen name="dip_755">1006.6666666666666dp</dimen>
    <dimen name="dip_756">1008.0dp</dimen>
    <dimen name="dip_757">1009.3333333333334dp</dimen>
    <dimen name="dip_758">1010.6666666666666dp</dimen>
    <dimen name="dip_759">1012.0dp</dimen>
    <dimen name="dip_760">1013.3333333333334dp</dimen>
    <dimen name="dip_761">1014.6666666666666dp</dimen>
    <dimen name="dip_762">1016.0dp</dimen>
    <dimen name="dip_763">1017.3333333333334dp</dimen>
    <dimen name="dip_764">1018.6666666666666dp</dimen>
    <dimen name="dip_765">1020.0dp</dimen>
    <dimen name="dip_766">1021.3333333333334dp</dimen>
    <dimen name="dip_767">1022.6666666666666dp</dimen>
    <dimen name="dip_768">1024.0dp</dimen>
    <dimen name="dip_769">1025.3333333333333dp</dimen>
    <dimen name="dip_770">1026.6666666666667dp</dimen>
    <dimen name="dip_771">1028.0dp</dimen>
    <dimen name="dip_772">1029.3333333333333dp</dimen>
    <dimen name="dip_773">1030.6666666666667dp</dimen>
    <dimen name="dip_774">1032.0dp</dimen>
    <dimen name="dip_775">1033.3333333333333dp</dimen>
    <dimen name="dip_776">1034.6666666666667dp</dimen>
    <dimen name="dip_777">1036.0dp</dimen>
    <dimen name="dip_778">1037.3333333333333dp</dimen>
    <dimen name="dip_779">1038.6666666666667dp</dimen>
    <dimen name="dip_780">1040.0dp</dimen>
    <dimen name="dip_781">1041.3333333333333dp</dimen>
    <dimen name="dip_782">1042.6666666666667dp</dimen>
    <dimen name="dip_783">1044.0dp</dimen>
    <dimen name="dip_784">1045.3333333333333dp</dimen>
    <dimen name="dip_785">1046.6666666666667dp</dimen>
    <dimen name="dip_786">1048.0dp</dimen>
    <dimen name="dip_787">1049.3333333333333dp</dimen>
    <dimen name="dip_788">1050.6666666666667dp</dimen>
    <dimen name="dip_789">1052.0dp</dimen>
    <dimen name="dip_790">1053.3333333333333dp</dimen>
    <dimen name="dip_791">1054.6666666666667dp</dimen>
    <dimen name="dip_792">1056.0dp</dimen>
    <dimen name="dip_793">1057.3333333333333dp</dimen>
    <dimen name="dip_794">1058.6666666666667dp</dimen>
    <dimen name="dip_795">1060.0dp</dimen>
    <dimen name="dip_796">1061.3333333333333dp</dimen>
    <dimen name="dip_797">1062.6666666666667dp</dimen>
    <dimen name="dip_798">1064.0dp</dimen>
    <dimen name="dip_799">1065.3333333333333dp</dimen>
    <dimen name="dip_800">1066.6666666666667dp</dimen>
    <dimen name="dip_801">1068.0dp</dimen>
    <dimen name="dip_802">1069.3333333333333dp</dimen>
    <dimen name="dip_803">1070.6666666666667dp</dimen>
    <dimen name="dip_804">1072.0dp</dimen>
    <dimen name="dip_805">1073.3333333333333dp</dimen>
    <dimen name="dip_806">1074.6666666666667dp</dimen>
    <dimen name="dip_807">1076.0dp</dimen>
    <dimen name="dip_808">1077.3333333333333dp</dimen>
    <dimen name="dip_809">1078.6666666666667dp</dimen>
    <dimen name="dip_810">1080.0dp</dimen>
    <dimen name="dip_811">1081.3333333333333dp</dimen>
    <dimen name="dip_812">1082.6666666666667dp</dimen>
    <dimen name="dip_813">1084.0dp</dimen>
    <dimen name="dip_814">1085.3333333333333dp</dimen>
    <dimen name="dip_815">1086.6666666666667dp</dimen>
    <dimen name="dip_816">1088.0dp</dimen>
    <dimen name="dip_817">1089.3333333333333dp</dimen>
    <dimen name="dip_818">1090.6666666666667dp</dimen>
    <dimen name="dip_819">1092.0dp</dimen>
    <dimen name="dip_820">1093.3333333333333dp</dimen>
    <dimen name="dip_821">1094.6666666666667dp</dimen>
    <dimen name="dip_822">1096.0dp</dimen>
    <dimen name="dip_823">1097.3333333333333dp</dimen>
    <dimen name="dip_824">1098.6666666666667dp</dimen>
    <dimen name="dip_825">1100.0dp</dimen>
    <dimen name="dip_826">1101.3333333333333dp</dimen>
    <dimen name="dip_827">1102.6666666666667dp</dimen>
    <dimen name="dip_828">1104.0dp</dimen>
    <dimen name="dip_829">1105.3333333333333dp</dimen>
    <dimen name="dip_830">1106.6666666666667dp</dimen>
    <dimen name="dip_831">1108.0dp</dimen>
    <dimen name="dip_832">1109.3333333333333dp</dimen>
    <dimen name="dip_833">1110.6666666666667dp</dimen>
    <dimen name="dip_834">1112.0dp</dimen>
    <dimen name="dip_835">1113.3333333333333dp</dimen>
    <dimen name="dip_836">1114.6666666666667dp</dimen>
    <dimen name="dip_837">1116.0dp</dimen>
    <dimen name="dip_838">1117.3333333333333dp</dimen>
    <dimen name="dip_839">1118.6666666666667dp</dimen>
    <dimen name="dip_840">1120.0dp</dimen>
    <dimen name="dip_841">1121.3333333333333dp</dimen>
    <dimen name="dip_842">1122.6666666666667dp</dimen>
    <dimen name="dip_843">1124.0dp</dimen>
    <dimen name="dip_844">1125.3333333333333dp</dimen>
    <dimen name="dip_845">1126.6666666666667dp</dimen>
    <dimen name="dip_846">1128.0dp</dimen>
    <dimen name="dip_847">1129.3333333333333dp</dimen>
    <dimen name="dip_848">1130.6666666666667dp</dimen>
    <dimen name="dip_849">1132.0dp</dimen>
    <dimen name="dip_850">1133.3333333333333dp</dimen>
    <dimen name="dip_851">1134.6666666666667dp</dimen>
    <dimen name="dip_852">1136.0dp</dimen>
    <dimen name="dip_853">1137.3333333333333dp</dimen>
    <dimen name="dip_854">1138.6666666666667dp</dimen>
    <dimen name="dip_855">1140.0dp</dimen>
    <dimen name="dip_856">1141.3333333333333dp</dimen>
    <dimen name="dip_857">1142.6666666666667dp</dimen>
    <dimen name="dip_858">1144.0dp</dimen>
    <dimen name="dip_859">1145.3333333333333dp</dimen>
    <dimen name="dip_860">1146.6666666666667dp</dimen>
    <dimen name="dip_861">1148.0dp</dimen>
    <dimen name="dip_862">1149.3333333333333dp</dimen>
    <dimen name="dip_863">1150.6666666666667dp</dimen>
    <dimen name="dip_864">1152.0dp</dimen>
    <dimen name="dip_865">1153.3333333333333dp</dimen>
    <dimen name="dip_866">1154.6666666666667dp</dimen>
    <dimen name="dip_867">1156.0dp</dimen>
    <dimen name="dip_868">1157.3333333333333dp</dimen>
    <dimen name="dip_869">1158.6666666666667dp</dimen>
    <dimen name="dip_870">1160.0dp</dimen>
    <dimen name="dip_871">1161.3333333333333dp</dimen>
    <dimen name="dip_872">1162.6666666666667dp</dimen>
    <dimen name="dip_873">1164.0dp</dimen>
    <dimen name="dip_874">1165.3333333333333dp</dimen>
    <dimen name="dip_875">1166.6666666666667dp</dimen>
    <dimen name="dip_876">1168.0dp</dimen>
    <dimen name="dip_877">1169.3333333333333dp</dimen>
    <dimen name="dip_878">1170.6666666666667dp</dimen>
    <dimen name="dip_879">1172.0dp</dimen>
    <dimen name="dip_880">1173.3333333333333dp</dimen>
    <dimen name="dip_881">1174.6666666666667dp</dimen>
    <dimen name="dip_882">1176.0dp</dimen>
    <dimen name="dip_883">1177.3333333333333dp</dimen>
    <dimen name="dip_884">1178.6666666666667dp</dimen>
    <dimen name="dip_885">1180.0dp</dimen>
    <dimen name="dip_886">1181.3333333333333dp</dimen>
    <dimen name="dip_887">1182.6666666666667dp</dimen>
    <dimen name="dip_888">1184.0dp</dimen>
    <dimen name="dip_889">1185.3333333333333dp</dimen>
    <dimen name="dip_890">1186.6666666666667dp</dimen>
    <dimen name="dip_891">1188.0dp</dimen>
    <dimen name="dip_892">1189.3333333333333dp</dimen>
    <dimen name="dip_893">1190.6666666666667dp</dimen>
    <dimen name="dip_894">1192.0dp</dimen>
    <dimen name="dip_895">1193.3333333333333dp</dimen>
    <dimen name="dip_896">1194.6666666666667dp</dimen>
    <dimen name="dip_897">1196.0dp</dimen>
    <dimen name="dip_898">1197.3333333333333dp</dimen>
    <dimen name="dip_899">1198.6666666666667dp</dimen>
    <dimen name="dip_900">1200.0dp</dimen>
    <dimen name="dip_901">1201.3333333333333dp</dimen>
    <dimen name="dip_902">1202.6666666666667dp</dimen>
    <dimen name="dip_903">1204.0dp</dimen>
    <dimen name="dip_904">1205.3333333333333dp</dimen>
    <dimen name="dip_905">1206.6666666666667dp</dimen>
    <dimen name="dip_906">1208.0dp</dimen>
    <dimen name="dip_907">1209.3333333333333dp</dimen>
    <dimen name="dip_908">1210.6666666666667dp</dimen>
    <dimen name="dip_909">1212.0dp</dimen>
    <dimen name="dip_910">1213.3333333333333dp</dimen>
    <dimen name="dip_911">1214.6666666666667dp</dimen>
    <dimen name="dip_912">1216.0dp</dimen>
    <dimen name="dip_913">1217.3333333333333dp</dimen>
    <dimen name="dip_914">1218.6666666666667dp</dimen>
    <dimen name="dip_915">1220.0dp</dimen>
    <dimen name="dip_916">1221.3333333333333dp</dimen>
    <dimen name="dip_917">1222.6666666666667dp</dimen>
    <dimen name="dip_918">1224.0dp</dimen>
    <dimen name="dip_919">1225.3333333333333dp</dimen>
    <dimen name="dip_920">1226.6666666666667dp</dimen>
    <dimen name="dip_921">1228.0dp</dimen>
    <dimen name="dip_922">1229.3333333333333dp</dimen>
    <dimen name="dip_923">1230.6666666666667dp</dimen>
    <dimen name="dip_924">1232.0dp</dimen>
    <dimen name="dip_925">1233.3333333333333dp</dimen>
    <dimen name="dip_926">1234.6666666666667dp</dimen>
    <dimen name="dip_927">1236.0dp</dimen>
    <dimen name="dip_928">1237.3333333333333dp</dimen>
    <dimen name="dip_929">1238.6666666666667dp</dimen>
    <dimen name="dip_930">1240.0dp</dimen>
    <dimen name="dip_931">1241.3333333333333dp</dimen>
    <dimen name="dip_932">1242.6666666666667dp</dimen>
    <dimen name="dip_933">1244.0dp</dimen>
    <dimen name="dip_934">1245.3333333333333dp</dimen>
    <dimen name="dip_935">1246.6666666666667dp</dimen>
    <dimen name="dip_936">1248.0dp</dimen>
    <dimen name="dip_937">1249.3333333333333dp</dimen>
    <dimen name="dip_938">1250.6666666666667dp</dimen>
    <dimen name="dip_939">1252.0dp</dimen>
    <dimen name="dip_940">1253.3333333333333dp</dimen>
    <dimen name="dip_941">1254.6666666666667dp</dimen>
    <dimen name="dip_942">1256.0dp</dimen>
    <dimen name="dip_943">1257.3333333333333dp</dimen>
    <dimen name="dip_944">1258.6666666666667dp</dimen>
    <dimen name="dip_945">1260.0dp</dimen>
    <dimen name="dip_946">1261.3333333333333dp</dimen>
    <dimen name="dip_947">1262.6666666666667dp</dimen>
    <dimen name="dip_948">1264.0dp</dimen>
    <dimen name="dip_949">1265.3333333333333dp</dimen>
    <dimen name="dip_950">1266.6666666666667dp</dimen>
    <dimen name="dip_951">1268.0dp</dimen>
    <dimen name="dip_952">1269.3333333333333dp</dimen>
    <dimen name="dip_953">1270.6666666666667dp</dimen>
    <dimen name="dip_954">1272.0dp</dimen>
    <dimen name="dip_955">1273.3333333333333dp</dimen>
    <dimen name="dip_956">1274.6666666666667dp</dimen>
    <dimen name="dip_957">1276.0dp</dimen>
    <dimen name="dip_958">1277.3333333333333dp</dimen>
    <dimen name="dip_959">1278.6666666666667dp</dimen>
    <dimen name="dip_960">1280.0dp</dimen>
    <dimen name="dip_961">1281.3333333333333dp</dimen>
    <dimen name="dip_962">1282.6666666666667dp</dimen>
    <dimen name="dip_963">1284.0dp</dimen>
    <dimen name="dip_964">1285.3333333333333dp</dimen>
    <dimen name="dip_965">1286.6666666666667dp</dimen>
    <dimen name="dip_966">1288.0dp</dimen>
    <dimen name="dip_967">1289.3333333333333dp</dimen>
    <dimen name="dip_968">1290.6666666666667dp</dimen>
    <dimen name="dip_969">1292.0dp</dimen>
    <dimen name="dip_970">1293.3333333333333dp</dimen>
    <dimen name="dip_971">1294.6666666666667dp</dimen>
    <dimen name="dip_972">1296.0dp</dimen>
    <dimen name="dip_973">1297.3333333333333dp</dimen>
    <dimen name="dip_974">1298.6666666666667dp</dimen>
    <dimen name="dip_975">1300.0dp</dimen>
    <dimen name="dip_976">1301.3333333333333dp</dimen>
    <dimen name="dip_977">1302.6666666666667dp</dimen>
    <dimen name="dip_978">1304.0dp</dimen>
    <dimen name="dip_979">1305.3333333333333dp</dimen>
    <dimen name="dip_980">1306.6666666666667dp</dimen>
    <dimen name="dip_981">1308.0dp</dimen>
    <dimen name="dip_982">1309.3333333333333dp</dimen>
    <dimen name="dip_983">1310.6666666666667dp</dimen>
    <dimen name="dip_984">1312.0dp</dimen>
    <dimen name="dip_985">1313.3333333333333dp</dimen>
    <dimen name="dip_986">1314.6666666666667dp</dimen>
    <dimen name="dip_987">1316.0dp</dimen>
    <dimen name="dip_988">1317.3333333333333dp</dimen>
    <dimen name="dip_989">1318.6666666666667dp</dimen>
    <dimen name="dip_990">1320.0dp</dimen>
    <dimen name="dip_991">1321.3333333333333dp</dimen>
    <dimen name="dip_992">1322.6666666666667dp</dimen>
    <dimen name="dip_993">1324.0dp</dimen>
    <dimen name="dip_994">1325.3333333333333dp</dimen>
    <dimen name="dip_995">1326.6666666666667dp</dimen>
    <dimen name="dip_996">1328.0dp</dimen>
    <dimen name="dip_997">1329.3333333333333dp</dimen>
    <dimen name="dip_998">1330.6666666666667dp</dimen>
    <dimen name="dip_999">1332.0dp</dimen>
    <dimen name="dip_1000">1333.3333333333333dp</dimen>
    <dimen name="dip_1001">1334.6666666666667dp</dimen>
    <dimen name="dip_1002">1336.0dp</dimen>
    <dimen name="dip_1003">1337.3333333333333dp</dimen>
    <dimen name="dip_1004">1338.6666666666667dp</dimen>
    <dimen name="dip_1005">1340.0dp</dimen>
    <dimen name="dip_1006">1341.3333333333333dp</dimen>
    <dimen name="dip_1007">1342.6666666666667dp</dimen>
    <dimen name="dip_1008">1344.0dp</dimen>
    <dimen name="dip_1009">1345.3333333333333dp</dimen>
    <dimen name="dip_1010">1346.6666666666667dp</dimen>
    <dimen name="dip_1011">1348.0dp</dimen>
    <dimen name="dip_1012">1349.3333333333333dp</dimen>
    <dimen name="dip_1013">1350.6666666666667dp</dimen>
    <dimen name="dip_1014">1352.0dp</dimen>
    <dimen name="dip_1015">1353.3333333333333dp</dimen>
    <dimen name="dip_1016">1354.6666666666667dp</dimen>
    <dimen name="dip_1017">1356.0dp</dimen>
    <dimen name="dip_1018">1357.3333333333333dp</dimen>
    <dimen name="dip_1019">1358.6666666666667dp</dimen>
    <dimen name="dip_1020">1360.0dp</dimen>
    <dimen name="dip_1021">1361.3333333333333dp</dimen>
    <dimen name="dip_1022">1362.6666666666667dp</dimen>
    <dimen name="dip_1023">1364.0dp</dimen>
    <dimen name="dip_1024">1365.3333333333333dp</dimen>
    <dimen name="dip_1025">1366.6666666666667dp</dimen>
    <dimen name="dip_1026">1368.0dp</dimen>
    <dimen name="dip_1027">1369.3333333333333dp</dimen>
    <dimen name="dip_1028">1370.6666666666667dp</dimen>
    <dimen name="dip_1029">1372.0dp</dimen>
    <dimen name="dip_1030">1373.3333333333333dp</dimen>
    <dimen name="dip_1031">1374.6666666666667dp</dimen>
    <dimen name="dip_1032">1376.0dp</dimen>
    <dimen name="dip_1033">1377.3333333333333dp</dimen>
    <dimen name="dip_1034">1378.6666666666667dp</dimen>
    <dimen name="dip_1035">1380.0dp</dimen>
    <dimen name="dip_1036">1381.3333333333333dp</dimen>
    <dimen name="dip_1037">1382.6666666666667dp</dimen>
    <dimen name="dip_1038">1384.0dp</dimen>
    <dimen name="dip_1039">1385.3333333333333dp</dimen>
    <dimen name="dip_1040">1386.6666666666667dp</dimen>
    <dimen name="dip_1041">1388.0dp</dimen>
    <dimen name="dip_1042">1389.3333333333333dp</dimen>
    <dimen name="dip_1043">1390.6666666666667dp</dimen>
    <dimen name="dip_1044">1392.0dp</dimen>
    <dimen name="dip_1045">1393.3333333333333dp</dimen>
    <dimen name="dip_1046">1394.6666666666667dp</dimen>
    <dimen name="dip_1047">1396.0dp</dimen>
    <dimen name="dip_1048">1397.3333333333333dp</dimen>
    <dimen name="dip_1049">1398.6666666666667dp</dimen>
    <dimen name="dip_1050">1400.0dp</dimen>
    <dimen name="dip_1051">1401.3333333333333dp</dimen>
    <dimen name="dip_1052">1402.6666666666667dp</dimen>
    <dimen name="dip_1053">1404.0dp</dimen>
    <dimen name="dip_1054">1405.3333333333333dp</dimen>
    <dimen name="dip_1055">1406.6666666666667dp</dimen>
    <dimen name="dip_1056">1408.0dp</dimen>
    <dimen name="dip_1057">1409.3333333333333dp</dimen>
    <dimen name="dip_1058">1410.6666666666667dp</dimen>
    <dimen name="dip_1059">1412.0dp</dimen>
    <dimen name="dip_1060">1413.3333333333333dp</dimen>
    <dimen name="dip_1061">1414.6666666666667dp</dimen>
    <dimen name="dip_1062">1416.0dp</dimen>
    <dimen name="dip_1063">1417.3333333333333dp</dimen>
    <dimen name="dip_1064">1418.6666666666667dp</dimen>
    <dimen name="dip_1065">1420.0dp</dimen>
    <dimen name="dip_1066">1421.3333333333333dp</dimen>
    <dimen name="dip_1067">1422.6666666666667dp</dimen>
    <dimen name="dip_1068">1424.0dp</dimen>
    <dimen name="dip_1069">1425.3333333333333dp</dimen>
    <dimen name="dip_1070">1426.6666666666667dp</dimen>
    <dimen name="dip_1071">1428.0dp</dimen>
    <dimen name="dip_1072">1429.3333333333333dp</dimen>
    <dimen name="dip_1073">1430.6666666666667dp</dimen>
    <dimen name="dip_1074">1432.0dp</dimen>
    <dimen name="dip_1075">1433.3333333333333dp</dimen>
    <dimen name="dip_1076">1434.6666666666667dp</dimen>
    <dimen name="dip_1077">1436.0dp</dimen>
    <dimen name="dip_1078">1437.3333333333333dp</dimen>
    <dimen name="dip_1079">1438.6666666666667dp</dimen>
    <dimen name="dip_1080">1440.0dp</dimen>
    <dimen name="dip_1081">1441.3333333333333dp</dimen>
    <dimen name="dip_1082">1442.6666666666667dp</dimen>
    <dimen name="dip_1083">1444.0dp</dimen>
    <dimen name="dip_1084">1445.3333333333333dp</dimen>
    <dimen name="dip_1085">1446.6666666666667dp</dimen>
    <dimen name="dip_1086">1448.0dp</dimen>
    <dimen name="dip_1087">1449.3333333333333dp</dimen>
    <dimen name="dip_1088">1450.6666666666667dp</dimen>
    <dimen name="dip_1089">1452.0dp</dimen>
    <dimen name="dip_1090">1453.3333333333333dp</dimen>
    <dimen name="dip_1091">1454.6666666666667dp</dimen>
    <dimen name="dip_1092">1456.0dp</dimen>
    <dimen name="dip_1093">1457.3333333333333dp</dimen>
    <dimen name="dip_1094">1458.6666666666667dp</dimen>
    <dimen name="dip_1095">1460.0dp</dimen>
    <dimen name="dip_1096">1461.3333333333333dp</dimen>
    <dimen name="dip_1097">1462.6666666666667dp</dimen>
    <dimen name="dip_1098">1464.0dp</dimen>
    <dimen name="dip_1099">1465.3333333333333dp</dimen>
    <dimen name="dip_1100">1466.6666666666667dp</dimen>
    <dimen name="dip_1101">1468.0dp</dimen>
    <dimen name="dip_1102">1469.3333333333333dp</dimen>
    <dimen name="dip_1103">1470.6666666666667dp</dimen>
    <dimen name="dip_1104">1472.0dp</dimen>
    <dimen name="dip_1105">1473.3333333333333dp</dimen>
    <dimen name="dip_1106">1474.6666666666667dp</dimen>
    <dimen name="dip_1107">1476.0dp</dimen>
    <dimen name="dip_1108">1477.3333333333333dp</dimen>
    <dimen name="dip_1109">1478.6666666666667dp</dimen>
    <dimen name="dip_1110">1480.0dp</dimen>
    <dimen name="dip_1111">1481.3333333333333dp</dimen>
    <dimen name="dip_1112">1482.6666666666667dp</dimen>
    <dimen name="dip_1113">1484.0dp</dimen>
    <dimen name="dip_1114">1485.3333333333333dp</dimen>
    <dimen name="dip_1115">1486.6666666666667dp</dimen>
    <dimen name="dip_1116">1488.0dp</dimen>
    <dimen name="dip_1117">1489.3333333333333dp</dimen>
    <dimen name="dip_1118">1490.6666666666667dp</dimen>
    <dimen name="dip_1119">1492.0dp</dimen>
    <dimen name="dip_1120">1493.3333333333333dp</dimen>
    <dimen name="dip_1121">1494.6666666666667dp</dimen>
    <dimen name="dip_1122">1496.0dp</dimen>
    <dimen name="dip_1123">1497.3333333333333dp</dimen>
    <dimen name="dip_1124">1498.6666666666667dp</dimen>
    <dimen name="dip_1125">1500.0dp</dimen>
    <dimen name="dip_1126">1501.3333333333333dp</dimen>
    <dimen name="dip_1127">1502.6666666666667dp</dimen>
    <dimen name="dip_1128">1504.0dp</dimen>
    <dimen name="dip_1129">1505.3333333333333dp</dimen>
    <dimen name="dip_1130">1506.6666666666667dp</dimen>
    <dimen name="dip_1131">1508.0dp</dimen>
    <dimen name="dip_1132">1509.3333333333333dp</dimen>
    <dimen name="dip_1133">1510.6666666666667dp</dimen>
    <dimen name="dip_1134">1512.0dp</dimen>
    <dimen name="dip_1135">1513.3333333333333dp</dimen>
    <dimen name="dip_1136">1514.6666666666667dp</dimen>
    <dimen name="dip_1137">1516.0dp</dimen>
    <dimen name="dip_1138">1517.3333333333333dp</dimen>
    <dimen name="dip_1139">1518.6666666666667dp</dimen>
    <dimen name="dip_1140">1520.0dp</dimen>
    <dimen name="dip_1141">1521.3333333333333dp</dimen>
    <dimen name="dip_1142">1522.6666666666667dp</dimen>
    <dimen name="dip_1143">1524.0dp</dimen>
    <dimen name="dip_1144">1525.3333333333333dp</dimen>
    <dimen name="dip_1145">1526.6666666666667dp</dimen>
    <dimen name="dip_1146">1528.0dp</dimen>
    <dimen name="dip_1147">1529.3333333333333dp</dimen>
    <dimen name="dip_1148">1530.6666666666667dp</dimen>
    <dimen name="dip_1149">1532.0dp</dimen>
    <dimen name="dip_1150">1533.3333333333333dp</dimen>
    <dimen name="dip_1151">1534.6666666666667dp</dimen>
    <dimen name="dip_1152">1536.0dp</dimen>
    <dimen name="dip_1153">1537.3333333333333dp</dimen>
    <dimen name="dip_1154">1538.6666666666667dp</dimen>
    <dimen name="dip_1155">1540.0dp</dimen>
    <dimen name="dip_1156">1541.3333333333333dp</dimen>
    <dimen name="dip_1157">1542.6666666666667dp</dimen>
    <dimen name="dip_1158">1544.0dp</dimen>
    <dimen name="dip_1159">1545.3333333333333dp</dimen>
    <dimen name="dip_1160">1546.6666666666667dp</dimen>
    <dimen name="dip_1161">1548.0dp</dimen>
    <dimen name="dip_1162">1549.3333333333333dp</dimen>
    <dimen name="dip_1163">1550.6666666666667dp</dimen>
    <dimen name="dip_1164">1552.0dp</dimen>
    <dimen name="dip_1165">1553.3333333333333dp</dimen>
    <dimen name="dip_1166">1554.6666666666667dp</dimen>
    <dimen name="dip_1167">1556.0dp</dimen>
    <dimen name="dip_1168">1557.3333333333333dp</dimen>
    <dimen name="dip_1169">1558.6666666666667dp</dimen>
    <dimen name="dip_1170">1560.0dp</dimen>
    <dimen name="dip_1171">1561.3333333333333dp</dimen>
    <dimen name="dip_1172">1562.6666666666667dp</dimen>
    <dimen name="dip_1173">1564.0dp</dimen>
    <dimen name="dip_1174">1565.3333333333333dp</dimen>
    <dimen name="dip_1175">1566.6666666666667dp</dimen>
    <dimen name="dip_1176">1568.0dp</dimen>
    <dimen name="dip_1177">1569.3333333333333dp</dimen>
    <dimen name="dip_1178">1570.6666666666667dp</dimen>
    <dimen name="dip_1179">1572.0dp</dimen>
    <dimen name="dip_1180">1573.3333333333333dp</dimen>
    <dimen name="dip_1181">1574.6666666666667dp</dimen>
    <dimen name="dip_1182">1576.0dp</dimen>
    <dimen name="dip_1183">1577.3333333333333dp</dimen>
    <dimen name="dip_1184">1578.6666666666667dp</dimen>
    <dimen name="dip_1185">1580.0dp</dimen>
    <dimen name="dip_1186">1581.3333333333333dp</dimen>
    <dimen name="dip_1187">1582.6666666666667dp</dimen>
    <dimen name="dip_1188">1584.0dp</dimen>
    <dimen name="dip_1189">1585.3333333333333dp</dimen>
    <dimen name="dip_1190">1586.6666666666667dp</dimen>
    <dimen name="dip_1191">1588.0dp</dimen>
    <dimen name="dip_1192">1589.3333333333333dp</dimen>
    <dimen name="dip_1193">1590.6666666666667dp</dimen>
    <dimen name="dip_1194">1592.0dp</dimen>
    <dimen name="dip_1195">1593.3333333333333dp</dimen>
    <dimen name="dip_1196">1594.6666666666667dp</dimen>
    <dimen name="dip_1197">1596.0dp</dimen>
    <dimen name="dip_1198">1597.3333333333333dp</dimen>
    <dimen name="dip_1199">1598.6666666666667dp</dimen>
    <dimen name="dip_1200">1600.0dp</dimen>
    <dimen name="dip_1201">1601.3333333333333dp</dimen>
    <dimen name="dip_1202">1602.6666666666667dp</dimen>
    <dimen name="dip_1203">1604.0dp</dimen>
    <dimen name="dip_1204">1605.3333333333333dp</dimen>
    <dimen name="dip_1205">1606.6666666666667dp</dimen>
    <dimen name="dip_1206">1608.0dp</dimen>
    <dimen name="dip_1207">1609.3333333333333dp</dimen>
    <dimen name="dip_1208">1610.6666666666667dp</dimen>
    <dimen name="dip_1209">1612.0dp</dimen>
    <dimen name="dip_1210">1613.3333333333333dp</dimen>
    <dimen name="dip_1211">1614.6666666666667dp</dimen>
    <dimen name="dip_1212">1616.0dp</dimen>
    <dimen name="dip_1213">1617.3333333333333dp</dimen>
    <dimen name="dip_1214">1618.6666666666667dp</dimen>
    <dimen name="dip_1215">1620.0dp</dimen>
    <dimen name="dip_1216">1621.3333333333333dp</dimen>
    <dimen name="dip_1217">1622.6666666666667dp</dimen>
    <dimen name="dip_1218">1624.0dp</dimen>
    <dimen name="dip_1219">1625.3333333333333dp</dimen>
    <dimen name="dip_1220">1626.6666666666667dp</dimen>
    <dimen name="dip_1221">1628.0dp</dimen>
    <dimen name="dip_1222">1629.3333333333333dp</dimen>
    <dimen name="dip_1223">1630.6666666666667dp</dimen>
    <dimen name="dip_1224">1632.0dp</dimen>
    <dimen name="dip_1225">1633.3333333333333dp</dimen>
    <dimen name="dip_1226">1634.6666666666667dp</dimen>
    <dimen name="dip_1227">1636.0dp</dimen>
    <dimen name="dip_1228">1637.3333333333333dp</dimen>
    <dimen name="dip_1229">1638.6666666666667dp</dimen>
    <dimen name="dip_1230">1640.0dp</dimen>
    <dimen name="dip_1231">1641.3333333333333dp</dimen>
    <dimen name="dip_1232">1642.6666666666667dp</dimen>
    <dimen name="dip_1233">1644.0dp</dimen>
    <dimen name="dip_1234">1645.3333333333333dp</dimen>
    <dimen name="dip_1235">1646.6666666666667dp</dimen>
    <dimen name="dip_1236">1648.0dp</dimen>
    <dimen name="dip_1237">1649.3333333333333dp</dimen>
    <dimen name="dip_1238">1650.6666666666667dp</dimen>
    <dimen name="dip_1239">1652.0dp</dimen>
    <dimen name="dip_1240">1653.3333333333333dp</dimen>
    <dimen name="dip_1241">1654.6666666666667dp</dimen>
    <dimen name="dip_1242">1656.0dp</dimen>
    <dimen name="dip_1243">1657.3333333333333dp</dimen>
    <dimen name="dip_1244">1658.6666666666667dp</dimen>
    <dimen name="dip_1245">1660.0dp</dimen>
    <dimen name="dip_1246">1661.3333333333333dp</dimen>
    <dimen name="dip_1247">1662.6666666666667dp</dimen>
    <dimen name="dip_1248">1664.0dp</dimen>
    <dimen name="dip_1249">1665.3333333333333dp</dimen>
    <dimen name="dip_1250">1666.6666666666667dp</dimen>
    <dimen name="dip_1251">1668.0dp</dimen>
    <dimen name="dip_1252">1669.3333333333333dp</dimen>
    <dimen name="dip_1253">1670.6666666666667dp</dimen>
    <dimen name="dip_1254">1672.0dp</dimen>
    <dimen name="dip_1255">1673.3333333333333dp</dimen>
    <dimen name="dip_1256">1674.6666666666667dp</dimen>
    <dimen name="dip_1257">1676.0dp</dimen>
    <dimen name="dip_1258">1677.3333333333333dp</dimen>
    <dimen name="dip_1259">1678.6666666666667dp</dimen>
    <dimen name="dip_1260">1680.0dp</dimen>
    <dimen name="dip_1261">1681.3333333333333dp</dimen>
    <dimen name="dip_1262">1682.6666666666667dp</dimen>
    <dimen name="dip_1263">1684.0dp</dimen>
    <dimen name="dip_1264">1685.3333333333333dp</dimen>
    <dimen name="dip_1265">1686.6666666666667dp</dimen>
    <dimen name="dip_1266">1688.0dp</dimen>
    <dimen name="dip_1267">1689.3333333333333dp</dimen>
    <dimen name="dip_1268">1690.6666666666667dp</dimen>
    <dimen name="dip_1269">1692.0dp</dimen>
    <dimen name="dip_1270">1693.3333333333333dp</dimen>
    <dimen name="dip_1271">1694.6666666666667dp</dimen>
    <dimen name="dip_1272">1696.0dp</dimen>
    <dimen name="dip_1273">1697.3333333333333dp</dimen>
    <dimen name="dip_1274">1698.6666666666667dp</dimen>
    <dimen name="dip_1275">1700.0dp</dimen>
    <dimen name="dip_1276">1701.3333333333333dp</dimen>
    <dimen name="dip_1277">1702.6666666666667dp</dimen>
    <dimen name="dip_1278">1704.0dp</dimen>
    <dimen name="dip_1279">1705.3333333333333dp</dimen>
    <dimen name="dip_1280">1706.6666666666667dp</dimen>
    <dimen name="dip_1281">1708.0dp</dimen>
    <dimen name="dip_1282">1709.3333333333333dp</dimen>
    <dimen name="dip_1283">1710.6666666666667dp</dimen>
    <dimen name="dip_1284">1712.0dp</dimen>
    <dimen name="dip_1285">1713.3333333333333dp</dimen>
    <dimen name="dip_1286">1714.6666666666667dp</dimen>
    <dimen name="dip_1287">1716.0dp</dimen>
    <dimen name="dip_1288">1717.3333333333333dp</dimen>
    <dimen name="dip_1289">1718.6666666666667dp</dimen>
    <dimen name="dip_1290">1720.0dp</dimen>
    <dimen name="dip_1291">1721.3333333333333dp</dimen>
    <dimen name="dip_1292">1722.6666666666667dp</dimen>
    <dimen name="dip_1293">1724.0dp</dimen>
    <dimen name="dip_1294">1725.3333333333333dp</dimen>
    <dimen name="dip_1295">1726.6666666666667dp</dimen>
    <dimen name="dip_1296">1728.0dp</dimen>
    <dimen name="dip_1297">1729.3333333333333dp</dimen>
    <dimen name="dip_1298">1730.6666666666667dp</dimen>
    <dimen name="dip_1299">1732.0dp</dimen>
    <dimen name="dip_1300">1733.3333333333333dp</dimen>
    <!-- 统一屏幕适配sp -->
    <dimen name="sp_1">1.3333333333333333sp</dimen>
    <dimen name="sp_2">2.6666666666666665sp</dimen>
    <dimen name="sp_3">4.0sp</dimen>
    <dimen name="sp_4">5.333333333333333sp</dimen>
    <dimen name="sp_5">6.666666666666667sp</dimen>
    <dimen name="sp_6">8.0sp</dimen>
    <dimen name="sp_7">9.333333333333334sp</dimen>
    <dimen name="sp_8">10.666666666666666sp</dimen>
    <dimen name="sp_9">12.0sp</dimen>
    <dimen name="sp_10">13.333333333333334sp</dimen>
    <dimen name="sp_11">14.666666666666666sp</dimen>
    <dimen name="sp_12">16.0sp</dimen>
    <dimen name="sp_13">17.333333333333332sp</dimen>
    <dimen name="sp_14">18.666666666666668sp</dimen>
    <dimen name="sp_15">20.0sp</dimen>
    <dimen name="sp_16">21.333333333333332sp</dimen>
    <dimen name="sp_17">22.666666666666668sp</dimen>
    <dimen name="sp_18">24.0sp</dimen>
    <dimen name="sp_19">25.333333333333332sp</dimen>
    <dimen name="sp_20">26.666666666666668sp</dimen>
    <dimen name="sp_21">28.0sp</dimen>
    <dimen name="sp_22">29.333333333333332sp</dimen>
    <dimen name="sp_23">30.666666666666668sp</dimen>
    <dimen name="sp_24">32.0sp</dimen>
    <dimen name="sp_25">33.333333333333336sp</dimen>
    <dimen name="sp_26">34.666666666666664sp</dimen>
    <dimen name="sp_27">36.0sp</dimen>
    <dimen name="sp_28">37.333333333333336sp</dimen>
    <dimen name="sp_29">38.666666666666664sp</dimen>
    <dimen name="sp_30">40.0sp</dimen>
    <dimen name="sp_31">41.333333333333336sp</dimen>
    <dimen name="sp_32">42.666666666666664sp</dimen>
    <dimen name="sp_33">44.0sp</dimen>
    <dimen name="sp_34">45.333333333333336sp</dimen>
    <dimen name="sp_35">46.666666666666664sp</dimen>
    <dimen name="sp_36">48.0sp</dimen>
    <dimen name="sp_37">49.333333333333336sp</dimen>
    <dimen name="sp_38">50.666666666666664sp</dimen>
    <dimen name="sp_39">52.0sp</dimen>
    <dimen name="sp_40">53.333333333333336sp</dimen>
    <dimen name="sp_41">54.666666666666664sp</dimen>
    <dimen name="sp_42">56.0sp</dimen>
    <dimen name="sp_43">57.333333333333336sp</dimen>
    <dimen name="sp_44">58.666666666666664sp</dimen>
    <dimen name="sp_45">60.0sp</dimen>
    <dimen name="sp_46">61.333333333333336sp</dimen>
    <dimen name="sp_47">62.666666666666664sp</dimen>
    <dimen name="sp_48">64.0sp</dimen>
    <dimen name="sp_49">65.33333333333333sp</dimen>
    <dimen name="sp_50">66.66666666666667sp</dimen>
    <dimen name="sp_51">68.0sp</dimen>
    <dimen name="sp_52">69.33333333333333sp</dimen>
    <dimen name="sp_53">70.66666666666667sp</dimen>
    <dimen name="sp_54">72.0sp</dimen>
    <dimen name="sp_55">73.33333333333333sp</dimen>
    <dimen name="sp_56">74.66666666666667sp</dimen>
    <dimen name="sp_57">76.0sp</dimen>
    <dimen name="sp_58">77.33333333333333sp</dimen>
    <dimen name="sp_59">78.66666666666667sp</dimen>
    <dimen name="sp_60">80.0sp</dimen>
    <dimen name="sp_61">81.33333333333333sp</dimen>
    <dimen name="sp_62">82.66666666666667sp</dimen>
    <dimen name="sp_63">84.0sp</dimen>
    <dimen name="sp_64">85.33333333333333sp</dimen>
    <dimen name="sp_65">86.66666666666667sp</dimen>
    <dimen name="sp_66">88.0sp</dimen>
    <dimen name="sp_67">89.33333333333333sp</dimen>
    <dimen name="sp_68">90.66666666666667sp</dimen>
    <dimen name="sp_69">92.0sp</dimen>
    <dimen name="sp_70">93.33333333333333sp</dimen>
    <dimen name="sp_71">94.66666666666667sp</dimen>
    <dimen name="sp_72">96.0sp</dimen>
    <dimen name="sp_73">97.33333333333333sp</dimen>
    <dimen name="sp_74">98.66666666666667sp</dimen>
    <dimen name="sp_75">100.0sp</dimen>
    <dimen name="sp_76">101.33333333333333sp</dimen>
    <dimen name="sp_77">102.66666666666667sp</dimen>
    <dimen name="sp_78">104.0sp</dimen>
    <dimen name="sp_79">105.33333333333333sp</dimen>
    <dimen name="sp_80">106.66666666666667sp</dimen>
    <dimen name="sp_81">108.0sp</dimen>
    <dimen name="sp_82">109.33333333333333sp</dimen>
    <dimen name="sp_83">110.66666666666667sp</dimen>
    <dimen name="sp_84">112.0sp</dimen>
    <dimen name="sp_85">113.33333333333333sp</dimen>
    <dimen name="sp_86">114.66666666666667sp</dimen>
    <dimen name="sp_87">116.0sp</dimen>
    <dimen name="sp_88">117.33333333333333sp</dimen>
    <dimen name="sp_89">118.66666666666667sp</dimen>
    <dimen name="sp_90">120.0sp</dimen>
    <dimen name="sp_91">121.33333333333333sp</dimen>
    <dimen name="sp_92">122.66666666666667sp</dimen>
    <dimen name="sp_93">124.0sp</dimen>
    <dimen name="sp_94">125.33333333333333sp</dimen>
    <dimen name="sp_95">126.66666666666667sp</dimen>
    <dimen name="sp_96">128.0sp</dimen>
    <dimen name="sp_97">129.33333333333334sp</dimen>
    <dimen name="sp_98">130.66666666666666sp</dimen>
    <dimen name="sp_99">132.0sp</dimen>
    <dimen name="sp_100">133.33333333333334sp</dimen>
    <dimen name="sp_101">134.66666666666666sp</dimen>
    <dimen name="sp_102">136.0sp</dimen>
    <dimen name="sp_103">137.33333333333334sp</dimen>
    <dimen name="sp_104">138.66666666666666sp</dimen>
    <dimen name="sp_105">140.0sp</dimen>
    <dimen name="sp_106">141.33333333333334sp</dimen>
    <dimen name="sp_107">142.66666666666666sp</dimen>
    <dimen name="sp_108">144.0sp</dimen>
    <dimen name="sp_109">145.33333333333334sp</dimen>
    <dimen name="sp_110">146.66666666666666sp</dimen>
    <dimen name="sp_111">148.0sp</dimen>
    <dimen name="sp_112">149.33333333333334sp</dimen>
    <dimen name="sp_113">150.66666666666666sp</dimen>
    <dimen name="sp_114">152.0sp</dimen>
    <dimen name="sp_115">153.33333333333334sp</dimen>
    <dimen name="sp_116">154.66666666666666sp</dimen>
    <dimen name="sp_117">156.0sp</dimen>
    <dimen name="sp_118">157.33333333333334sp</dimen>
    <dimen name="sp_119">158.66666666666666sp</dimen>
    <dimen name="sp_120">160.0sp</dimen>
    <dimen name="sp_121">161.33333333333334sp</dimen>
    <dimen name="sp_122">162.66666666666666sp</dimen>
    <dimen name="sp_123">164.0sp</dimen>
    <dimen name="sp_124">165.33333333333334sp</dimen>
    <dimen name="sp_125">166.66666666666666sp</dimen>
    <dimen name="sp_126">168.0sp</dimen>
    <dimen name="sp_127">169.33333333333334sp</dimen>
    <dimen name="sp_128">170.66666666666666sp</dimen>
    <dimen name="sp_129">172.0sp</dimen>
    <dimen name="sp_130">173.33333333333334sp</dimen>
    <dimen name="sp_131">174.66666666666666sp</dimen>
    <dimen name="sp_132">176.0sp</dimen>
    <dimen name="sp_133">177.33333333333334sp</dimen>
    <dimen name="sp_134">178.66666666666666sp</dimen>
    <dimen name="sp_135">180.0sp</dimen>
    <dimen name="sp_136">181.33333333333334sp</dimen>
    <dimen name="sp_137">182.66666666666666sp</dimen>
    <dimen name="sp_138">184.0sp</dimen>
    <dimen name="sp_139">185.33333333333334sp</dimen>
    <dimen name="sp_140">186.66666666666666sp</dimen>
    <dimen name="sp_141">188.0sp</dimen>
    <dimen name="sp_142">189.33333333333334sp</dimen>
    <dimen name="sp_143">190.66666666666666sp</dimen>
    <dimen name="sp_144">192.0sp</dimen>
    <dimen name="sp_145">193.33333333333334sp</dimen>
    <dimen name="sp_146">194.66666666666666sp</dimen>
    <dimen name="sp_147">196.0sp</dimen>
    <dimen name="sp_148">197.33333333333334sp</dimen>
    <dimen name="sp_149">198.66666666666666sp</dimen>
    <dimen name="sp_150">200.0sp</dimen>
    <dimen name="sp_151">201.33333333333334sp</dimen>
    <dimen name="sp_152">202.66666666666666sp</dimen>
    <dimen name="sp_153">204.0sp</dimen>
    <dimen name="sp_154">205.33333333333334sp</dimen>
    <dimen name="sp_155">206.66666666666666sp</dimen>
    <dimen name="sp_156">208.0sp</dimen>
    <dimen name="sp_157">209.33333333333334sp</dimen>
    <dimen name="sp_158">210.66666666666666sp</dimen>
    <dimen name="sp_159">212.0sp</dimen>
    <dimen name="sp_160">213.33333333333334sp</dimen>
    <dimen name="sp_161">214.66666666666666sp</dimen>
    <dimen name="sp_162">216.0sp</dimen>
    <dimen name="sp_163">217.33333333333334sp</dimen>
    <dimen name="sp_164">218.66666666666666sp</dimen>
    <dimen name="sp_165">220.0sp</dimen>
    <dimen name="sp_166">221.33333333333334sp</dimen>
    <dimen name="sp_167">222.66666666666666sp</dimen>
    <dimen name="sp_168">224.0sp</dimen>
    <dimen name="sp_169">225.33333333333334sp</dimen>
    <dimen name="sp_170">226.66666666666666sp</dimen>
    <dimen name="sp_171">228.0sp</dimen>
    <dimen name="sp_172">229.33333333333334sp</dimen>
    <dimen name="sp_173">230.66666666666666sp</dimen>
    <dimen name="sp_174">232.0sp</dimen>
    <dimen name="sp_175">233.33333333333334sp</dimen>
    <dimen name="sp_176">234.66666666666666sp</dimen>
    <dimen name="sp_177">236.0sp</dimen>
    <dimen name="sp_178">237.33333333333334sp</dimen>
    <dimen name="sp_179">238.66666666666666sp</dimen>
    <dimen name="sp_180">240.0sp</dimen>
    <dimen name="sp_181">241.33333333333334sp</dimen>
    <dimen name="sp_182">242.66666666666666sp</dimen>
    <dimen name="sp_183">244.0sp</dimen>
    <dimen name="sp_184">245.33333333333334sp</dimen>
    <dimen name="sp_185">246.66666666666666sp</dimen>
    <dimen name="sp_186">248.0sp</dimen>
    <dimen name="sp_187">249.33333333333334sp</dimen>
    <dimen name="sp_188">250.66666666666666sp</dimen>
    <dimen name="sp_189">252.0sp</dimen>
    <dimen name="sp_190">253.33333333333334sp</dimen>
    <dimen name="sp_191">254.66666666666666sp</dimen>
    <dimen name="sp_192">256.0sp</dimen>
    <dimen name="sp_193">257.3333333333333sp</dimen>
    <dimen name="sp_194">258.6666666666667sp</dimen>
    <dimen name="sp_195">260.0sp</dimen>
    <dimen name="sp_196">261.3333333333333sp</dimen>
    <dimen name="sp_197">262.6666666666667sp</dimen>
    <dimen name="sp_198">264.0sp</dimen>
    <dimen name="sp_199">265.3333333333333sp</dimen>
    <dimen name="sp_200">266.6666666666667sp</dimen>
</resources>
