<?xml version="1.0" encoding="utf-8"?>
<resources>
    <!-- 统一屏幕适配dp -->

    <dimen name="dip_0">0dp</dimen>
    <dimen name="dip_1">0.81dp</dimen>
    <dimen name="dip_2">1.62dp</dimen>
    <dimen name="dip_3">2.42dp</dimen>
    <dimen name="dip_4">3.23dp</dimen>
    <dimen name="dip_5">4.04dp</dimen>
    <dimen name="dip_6">4.85dp</dimen>
    <dimen name="dip_7">5.66dp</dimen>
    <dimen name="dip_8">6.47dp</dimen>
    <dimen name="dip_9">7.27dp</dimen>
    <dimen name="dip_10">8.08dp</dimen>
    <dimen name="dip_11">8.89dp</dimen>
    <dimen name="dip_12">9.7dp</dimen>
    <dimen name="dip_13">10.51dp</dimen>
    <dimen name="dip_14">11.31dp</dimen>
    <dimen name="dip_15">12.12dp</dimen>
    <dimen name="dip_16">12.93dp</dimen>
    <dimen name="dip_17">13.74dp</dimen>
    <dimen name="dip_18">14.55dp</dimen>
    <dimen name="dip_19">15.35dp</dimen>
    <dimen name="dip_20">16.16dp</dimen>
    <dimen name="dip_21">16.97dp</dimen>
    <dimen name="dip_22">17.78dp</dimen>
    <dimen name="dip_23">18.59dp</dimen>
    <dimen name="dip_24">19.4dp</dimen>
    <dimen name="dip_25">20.2dp</dimen>
    <dimen name="dip_26">21.01dp</dimen>
    <dimen name="dip_27">21.82dp</dimen>
    <dimen name="dip_28">22.63dp</dimen>
    <dimen name="dip_29">23.44dp</dimen>
    <dimen name="dip_30">24.24dp</dimen>
    <dimen name="dip_31">25.05dp</dimen>
    <dimen name="dip_32">25.86dp</dimen>
    <dimen name="dip_33">26.67dp</dimen>
    <dimen name="dip_34">27.48dp</dimen>
    <dimen name="dip_35">28.28dp</dimen>
    <dimen name="dip_36">29.09dp</dimen>
    <dimen name="dip_37">29.9dp</dimen>
    <dimen name="dip_38">30.71dp</dimen>
    <dimen name="dip_39">31.52dp</dimen>
    <dimen name="dip_40">32.33dp</dimen>
    <dimen name="dip_41">33.13dp</dimen>
    <dimen name="dip_42">33.94dp</dimen>
    <dimen name="dip_43">34.75dp</dimen>
    <dimen name="dip_44">35.56dp</dimen>
    <dimen name="dip_45">36.37dp</dimen>
    <dimen name="dip_46">37.17dp</dimen>
    <dimen name="dip_47">37.98dp</dimen>
    <dimen name="dip_48">38.79dp</dimen>
    <dimen name="dip_49">39.6dp</dimen>
    <dimen name="dip_50">40.41dp</dimen>
    <dimen name="dip_51">41.22dp</dimen>
    <dimen name="dip_52">42.02dp</dimen>
    <dimen name="dip_53">42.83dp</dimen>
    <dimen name="dip_54">43.64dp</dimen>
    <dimen name="dip_55">44.45dp</dimen>
    <dimen name="dip_56">45.26dp</dimen>
    <dimen name="dip_57">46.06dp</dimen>
    <dimen name="dip_58">46.87dp</dimen>
    <dimen name="dip_59">47.68dp</dimen>
    <dimen name="dip_60">48.49dp</dimen>
    <dimen name="dip_61">49.3dp</dimen>
    <dimen name="dip_62">50.1dp</dimen>
    <dimen name="dip_63">50.91dp</dimen>
    <dimen name="dip_64">51.72dp</dimen>
    <dimen name="dip_65">52.53dp</dimen>
    <dimen name="dip_66">53.34dp</dimen>
    <dimen name="dip_67">54.15dp</dimen>
    <dimen name="dip_68">54.95dp</dimen>
    <dimen name="dip_69">55.76dp</dimen>
    <dimen name="dip_70">56.57dp</dimen>
    <dimen name="dip_71">57.38dp</dimen>
    <dimen name="dip_72">58.19dp</dimen>
    <dimen name="dip_73">58.99dp</dimen>
    <dimen name="dip_74">59.8dp</dimen>
    <dimen name="dip_75">60.61dp</dimen>
    <dimen name="dip_76">61.42dp</dimen>
    <dimen name="dip_77">62.23dp</dimen>
    <dimen name="dip_78">63.03dp</dimen>
    <dimen name="dip_79">63.84dp</dimen>
    <dimen name="dip_80">64.65dp</dimen>
    <dimen name="dip_81">65.46dp</dimen>
    <dimen name="dip_82">66.27dp</dimen>
    <dimen name="dip_83">67.08dp</dimen>
    <dimen name="dip_84">67.88dp</dimen>
    <dimen name="dip_85">68.69dp</dimen>
    <dimen name="dip_86">69.5dp</dimen>
    <dimen name="dip_87">70.31dp</dimen>
    <dimen name="dip_88">71.12dp</dimen>
    <dimen name="dip_89">71.92dp</dimen>
    <dimen name="dip_90">72.73dp</dimen>
    <dimen name="dip_91">73.54dp</dimen>
    <dimen name="dip_92">74.35dp</dimen>
    <dimen name="dip_93">75.16dp</dimen>
    <dimen name="dip_94">75.97dp</dimen>
    <dimen name="dip_95">76.77dp</dimen>
    <dimen name="dip_96">77.58dp</dimen>
    <dimen name="dip_97">78.39dp</dimen>
    <dimen name="dip_98">79.2dp</dimen>
    <dimen name="dip_99">80.01dp</dimen>
    <dimen name="dip_100">80.81dp</dimen>
    <dimen name="dip_101">81.62dp</dimen>
    <dimen name="dip_102">82.43dp</dimen>
    <dimen name="dip_103">83.24dp</dimen>
    <dimen name="dip_104">84.05dp</dimen>
    <dimen name="dip_105">84.85dp</dimen>
    <dimen name="dip_106">85.66dp</dimen>
    <dimen name="dip_107">86.47dp</dimen>
    <dimen name="dip_108">87.28dp</dimen>
    <dimen name="dip_109">88.09dp</dimen>
    <dimen name="dip_110">88.9dp</dimen>
    <dimen name="dip_111">89.7dp</dimen>
    <dimen name="dip_112">90.51dp</dimen>
    <dimen name="dip_113">91.32dp</dimen>
    <dimen name="dip_114">92.13dp</dimen>
    <dimen name="dip_115">92.94dp</dimen>
    <dimen name="dip_116">93.74dp</dimen>
    <dimen name="dip_117">94.55dp</dimen>
    <dimen name="dip_118">95.36dp</dimen>
    <dimen name="dip_119">96.17dp</dimen>
    <dimen name="dip_120">96.98dp</dimen>
    <dimen name="dip_121">97.78dp</dimen>
    <dimen name="dip_122">98.59dp</dimen>
    <dimen name="dip_123">99.4dp</dimen>
    <dimen name="dip_124">100.21dp</dimen>
    <dimen name="dip_125">101.02dp</dimen>
    <dimen name="dip_126">101.83dp</dimen>
    <dimen name="dip_127">102.63dp</dimen>
    <dimen name="dip_128">103.44dp</dimen>
    <dimen name="dip_129">104.25dp</dimen>
    <dimen name="dip_130">105.06dp</dimen>
    <dimen name="dip_131">105.87dp</dimen>
    <dimen name="dip_132">106.67dp</dimen>
    <dimen name="dip_133">107.48dp</dimen>
    <dimen name="dip_134">108.29dp</dimen>
    <dimen name="dip_135">109.1dp</dimen>
    <dimen name="dip_136">109.91dp</dimen>
    <dimen name="dip_137">110.72dp</dimen>
    <dimen name="dip_138">111.52dp</dimen>
    <dimen name="dip_139">112.33dp</dimen>
    <dimen name="dip_140">113.14dp</dimen>
    <dimen name="dip_141">113.95dp</dimen>
    <dimen name="dip_142">114.76dp</dimen>
    <dimen name="dip_143">115.56dp</dimen>
    <dimen name="dip_144">116.37dp</dimen>
    <dimen name="dip_145">117.18dp</dimen>
    <dimen name="dip_146">117.99dp</dimen>
    <dimen name="dip_147">118.8dp</dimen>
    <dimen name="dip_148">119.6dp</dimen>
    <dimen name="dip_149">120.41dp</dimen>
    <dimen name="dip_150">121.22dp</dimen>
    <dimen name="dip_151">122.03dp</dimen>
    <dimen name="dip_152">122.84dp</dimen>
    <dimen name="dip_153">123.65dp</dimen>
    <dimen name="dip_154">124.45dp</dimen>
    <dimen name="dip_155">125.26dp</dimen>
    <dimen name="dip_156">126.07dp</dimen>
    <dimen name="dip_157">126.88dp</dimen>
    <dimen name="dip_158">127.69dp</dimen>
    <dimen name="dip_159">128.49dp</dimen>
    <dimen name="dip_160">129.3dp</dimen>
    <dimen name="dip_161">130.11dp</dimen>
    <dimen name="dip_162">130.92dp</dimen>
    <dimen name="dip_163">131.73dp</dimen>
    <dimen name="dip_164">132.53dp</dimen>
    <dimen name="dip_165">133.34dp</dimen>
    <dimen name="dip_166">134.15dp</dimen>
    <dimen name="dip_167">134.96dp</dimen>
    <dimen name="dip_168">135.77dp</dimen>
    <dimen name="dip_169">136.58dp</dimen>
    <dimen name="dip_170">137.38dp</dimen>
    <dimen name="dip_171">138.19dp</dimen>
    <dimen name="dip_172">139dp</dimen>
    <dimen name="dip_173">139.81dp</dimen>
    <dimen name="dip_174">140.62dp</dimen>
    <dimen name="dip_175">141.42dp</dimen>
    <dimen name="dip_176">142.23dp</dimen>
    <dimen name="dip_177">143.04dp</dimen>
    <dimen name="dip_178">143.85dp</dimen>
    <dimen name="dip_179">144.66dp</dimen>
    <dimen name="dip_180">145.47dp</dimen>
    <dimen name="dip_181">146.27dp</dimen>
    <dimen name="dip_182">147.08dp</dimen>
    <dimen name="dip_183">147.89dp</dimen>
    <dimen name="dip_184">148.7dp</dimen>
    <dimen name="dip_185">149.51dp</dimen>
    <dimen name="dip_186">150.31dp</dimen>
    <dimen name="dip_187">151.12dp</dimen>
    <dimen name="dip_188">151.93dp</dimen>
    <dimen name="dip_189">152.74dp</dimen>
    <dimen name="dip_190">153.55dp</dimen>
    <dimen name="dip_191">154.35dp</dimen>
    <dimen name="dip_192">155.16dp</dimen>
    <dimen name="dip_193">155.97dp</dimen>
    <dimen name="dip_194">156.78dp</dimen>
    <dimen name="dip_195">157.59dp</dimen>
    <dimen name="dip_196">158.4dp</dimen>
    <dimen name="dip_197">159.2dp</dimen>
    <dimen name="dip_198">160.01dp</dimen>
    <dimen name="dip_199">160.82dp</dimen>
    <dimen name="dip_200">161.63dp</dimen>
    <dimen name="dip_201">162.44dp</dimen>
    <dimen name="dip_202">163.24dp</dimen>
    <dimen name="dip_203">164.05dp</dimen>
    <dimen name="dip_204">164.86dp</dimen>
    <dimen name="dip_205">165.67dp</dimen>
    <dimen name="dip_206">166.48dp</dimen>
    <dimen name="dip_207">167.28dp</dimen>
    <dimen name="dip_208">168.09dp</dimen>
    <dimen name="dip_209">168.9dp</dimen>
    <dimen name="dip_210">169.71dp</dimen>
    <dimen name="dip_211">170.52dp</dimen>
    <dimen name="dip_212">171.33dp</dimen>
    <dimen name="dip_213">172.13dp</dimen>
    <dimen name="dip_214">172.94dp</dimen>
    <dimen name="dip_215">173.75dp</dimen>
    <dimen name="dip_216">174.56dp</dimen>
    <dimen name="dip_217">175.37dp</dimen>
    <dimen name="dip_218">176.17dp</dimen>
    <dimen name="dip_219">176.98dp</dimen>
    <dimen name="dip_220">177.79dp</dimen>
    <dimen name="dip_221">178.6dp</dimen>
    <dimen name="dip_222">179.41dp</dimen>
    <dimen name="dip_223">180.22dp</dimen>
    <dimen name="dip_224">181.02dp</dimen>
    <dimen name="dip_225">181.83dp</dimen>
    <dimen name="dip_226">182.64dp</dimen>
    <dimen name="dip_227">183.45dp</dimen>
    <dimen name="dip_228">184.26dp</dimen>
    <dimen name="dip_229">185.06dp</dimen>
    <dimen name="dip_230">185.87dp</dimen>
    <dimen name="dip_231">186.68dp</dimen>
    <dimen name="dip_232">187.49dp</dimen>
    <dimen name="dip_233">188.3dp</dimen>
    <dimen name="dip_234">189.1dp</dimen>
    <dimen name="dip_235">189.91dp</dimen>
    <dimen name="dip_236">190.72dp</dimen>
    <dimen name="dip_237">191.53dp</dimen>
    <dimen name="dip_238">192.34dp</dimen>
    <dimen name="dip_239">193.15dp</dimen>
    <dimen name="dip_240">193.95dp</dimen>
    <dimen name="dip_241">194.76dp</dimen>
    <dimen name="dip_242">195.57dp</dimen>
    <dimen name="dip_243">196.38dp</dimen>
    <dimen name="dip_244">197.19dp</dimen>
    <dimen name="dip_245">197.99dp</dimen>
    <dimen name="dip_246">198.8dp</dimen>
    <dimen name="dip_247">199.61dp</dimen>
    <dimen name="dip_248">200.42dp</dimen>
    <dimen name="dip_249">201.23dp</dimen>
    <dimen name="dip_250">202.03dp</dimen>
    <dimen name="dip_251">202.84dp</dimen>
    <dimen name="dip_252">203.65dp</dimen>
    <dimen name="dip_253">204.46dp</dimen>
    <dimen name="dip_254">205.27dp</dimen>
    <dimen name="dip_255">206.08dp</dimen>
    <dimen name="dip_256">206.88dp</dimen>
    <dimen name="dip_257">207.69dp</dimen>
    <dimen name="dip_258">208.5dp</dimen>
    <dimen name="dip_259">209.31dp</dimen>
    <dimen name="dip_260">210.12dp</dimen>
    <dimen name="dip_261">210.92dp</dimen>
    <dimen name="dip_262">211.73dp</dimen>
    <dimen name="dip_263">212.54dp</dimen>
    <dimen name="dip_264">213.35dp</dimen>
    <dimen name="dip_265">214.16dp</dimen>
    <dimen name="dip_266">214.97dp</dimen>
    <dimen name="dip_267">215.77dp</dimen>
    <dimen name="dip_268">216.58dp</dimen>
    <dimen name="dip_269">217.39dp</dimen>
    <dimen name="dip_270">218.2dp</dimen>
    <dimen name="dip_271">219.01dp</dimen>
    <dimen name="dip_272">219.81dp</dimen>
    <dimen name="dip_273">220.62dp</dimen>
    <dimen name="dip_274">221.43dp</dimen>
    <dimen name="dip_275">222.24dp</dimen>
    <dimen name="dip_276">223.05dp</dimen>
    <dimen name="dip_277">223.85dp</dimen>
    <dimen name="dip_278">224.66dp</dimen>
    <dimen name="dip_279">225.47dp</dimen>
    <dimen name="dip_280">226.28dp</dimen>
    <dimen name="dip_281">227.09dp</dimen>
    <dimen name="dip_282">227.9dp</dimen>
    <dimen name="dip_283">228.7dp</dimen>
    <dimen name="dip_284">229.51dp</dimen>
    <dimen name="dip_285">230.32dp</dimen>
    <dimen name="dip_286">231.13dp</dimen>
    <dimen name="dip_287">231.94dp</dimen>
    <dimen name="dip_288">232.74dp</dimen>
    <dimen name="dip_289">233.55dp</dimen>
    <dimen name="dip_290">234.36dp</dimen>
    <dimen name="dip_291">235.17dp</dimen>
    <dimen name="dip_292">235.98dp</dimen>
    <dimen name="dip_293">236.79dp</dimen>
    <dimen name="dip_294">237.59dp</dimen>
    <dimen name="dip_295">238.4dp</dimen>
    <dimen name="dip_296">239.21dp</dimen>
    <dimen name="dip_297">240.02dp</dimen>
    <dimen name="dip_298">240.83dp</dimen>
    <dimen name="dip_299">241.63dp</dimen>
    <dimen name="dip_300">242.44dp</dimen>
    <dimen name="dip_301">243.25dp</dimen>
    <dimen name="dip_302">244.06dp</dimen>
    <dimen name="dip_303">244.87dp</dimen>
    <dimen name="dip_304">245.67dp</dimen>
    <dimen name="dip_305">246.48dp</dimen>
    <dimen name="dip_306">247.29dp</dimen>
    <dimen name="dip_307">248.1dp</dimen>
    <dimen name="dip_308">248.91dp</dimen>
    <dimen name="dip_309">249.72dp</dimen>
    <dimen name="dip_310">250.52dp</dimen>
    <dimen name="dip_311">251.33dp</dimen>
    <dimen name="dip_312">252.14dp</dimen>
    <dimen name="dip_313">252.95dp</dimen>
    <dimen name="dip_314">253.76dp</dimen>
    <dimen name="dip_315">254.56dp</dimen>
    <dimen name="dip_316">255.37dp</dimen>
    <dimen name="dip_317">256.18dp</dimen>
    <dimen name="dip_318">256.99dp</dimen>
    <dimen name="dip_319">257.8dp</dimen>
    <dimen name="dip_320">258.6dp</dimen>
    <dimen name="dip_321">259.41dp</dimen>
    <dimen name="dip_322">260.22dp</dimen>
    <dimen name="dip_323">261.03dp</dimen>
    <dimen name="dip_324">261.84dp</dimen>
    <dimen name="dip_325">262.65dp</dimen>
    <dimen name="dip_326">263.45dp</dimen>
    <dimen name="dip_327">264.26dp</dimen>
    <dimen name="dip_328">265.07dp</dimen>
    <dimen name="dip_329">265.88dp</dimen>
    <dimen name="dip_330">266.69dp</dimen>
    <dimen name="dip_331">267.49dp</dimen>
    <dimen name="dip_332">268.3dp</dimen>
    <dimen name="dip_333">269.11dp</dimen>
    <dimen name="dip_334">269.92dp</dimen>
    <dimen name="dip_335">270.73dp</dimen>
    <dimen name="dip_336">271.54dp</dimen>
    <dimen name="dip_337">272.34dp</dimen>
    <dimen name="dip_338">273.15dp</dimen>
    <dimen name="dip_339">273.96dp</dimen>
    <dimen name="dip_340">274.77dp</dimen>
    <dimen name="dip_341">275.58dp</dimen>
    <dimen name="dip_342">276.38dp</dimen>
    <dimen name="dip_343">277.19dp</dimen>
    <dimen name="dip_344">278dp</dimen>
    <dimen name="dip_345">278.81dp</dimen>
    <dimen name="dip_346">279.62dp</dimen>
    <dimen name="dip_347">280.42dp</dimen>
    <dimen name="dip_348">281.23dp</dimen>
    <dimen name="dip_349">282.04dp</dimen>
    <dimen name="dip_350">282.85dp</dimen>
    <dimen name="dip_351">283.66dp</dimen>
    <dimen name="dip_352">284.47dp</dimen>
    <dimen name="dip_353">285.27dp</dimen>
    <dimen name="dip_354">286.08dp</dimen>
    <dimen name="dip_355">286.89dp</dimen>
    <dimen name="dip_356">287.7dp</dimen>
    <dimen name="dip_357">288.51dp</dimen>
    <dimen name="dip_358">289.31dp</dimen>
    <dimen name="dip_359">290.12dp</dimen>
    <dimen name="dip_360">290.93dp</dimen>
    <dimen name="dip_361">291.74dp</dimen>
    <dimen name="dip_362">292.55dp</dimen>
    <dimen name="dip_363">293.35dp</dimen>
    <dimen name="dip_364">294.16dp</dimen>
    <dimen name="dip_365">294.97dp</dimen>
    <dimen name="dip_366">295.78dp</dimen>
    <dimen name="dip_367">296.59dp</dimen>
    <dimen name="dip_368">297.4dp</dimen>
    <dimen name="dip_369">298.2dp</dimen>
    <dimen name="dip_370">299.01dp</dimen>
    <dimen name="dip_371">299.82dp</dimen>
    <dimen name="dip_372">300.63dp</dimen>
    <dimen name="dip_373">301.44dp</dimen>
    <dimen name="dip_374">302.24dp</dimen>
    <dimen name="dip_375">303.05dp</dimen>
    <dimen name="dip_376">303.86dp</dimen>
    <dimen name="dip_377">304.67dp</dimen>
    <dimen name="dip_378">305.48dp</dimen>
    <dimen name="dip_379">306.29dp</dimen>
    <dimen name="dip_380">307.09dp</dimen>
    <dimen name="dip_381">307.9dp</dimen>
    <dimen name="dip_382">308.71dp</dimen>
    <dimen name="dip_383">309.52dp</dimen>
    <dimen name="dip_384">310.33dp</dimen>
    <dimen name="dip_385">311.13dp</dimen>
    <dimen name="dip_386">311.94dp</dimen>
    <dimen name="dip_387">312.75dp</dimen>
    <dimen name="dip_388">313.56dp</dimen>
    <dimen name="dip_389">314.37dp</dimen>
    <dimen name="dip_390">315.17dp</dimen>
    <dimen name="dip_391">315.98dp</dimen>
    <dimen name="dip_392">316.79dp</dimen>
    <dimen name="dip_393">317.6dp</dimen>
    <dimen name="dip_394">318.41dp</dimen>
    <dimen name="dip_395">319.22dp</dimen>
    <dimen name="dip_396">320.02dp</dimen>
    <dimen name="dip_397">320.83dp</dimen>
    <dimen name="dip_398">321.64dp</dimen>
    <dimen name="dip_399">322.45dp</dimen>
    <dimen name="dip_400">323.26dp</dimen>
    <dimen name="dip_401">324.06dp</dimen>
    <dimen name="dip_402">324.87dp</dimen>
    <dimen name="dip_403">325.68dp</dimen>
    <dimen name="dip_404">326.49dp</dimen>
    <dimen name="dip_405">327.3dp</dimen>
    <dimen name="dip_406">328.1dp</dimen>
    <dimen name="dip_407">328.91dp</dimen>
    <dimen name="dip_408">329.72dp</dimen>
    <dimen name="dip_409">330.53dp</dimen>
    <dimen name="dip_410">331.34dp</dimen>
    <dimen name="dip_411">332.15dp</dimen>
    <dimen name="dip_412">332.95dp</dimen>
    <dimen name="dip_413">333.76dp</dimen>
    <dimen name="dip_414">334.57dp</dimen>
    <dimen name="dip_415">335.38dp</dimen>
    <dimen name="dip_416">336.19dp</dimen>
    <dimen name="dip_417">336.99dp</dimen>
    <dimen name="dip_418">337.8dp</dimen>
    <dimen name="dip_419">338.61dp</dimen>
    <dimen name="dip_420">339.42dp</dimen>
    <dimen name="dip_421">340.23dp</dimen>
    <dimen name="dip_422">341.04dp</dimen>
    <dimen name="dip_423">341.84dp</dimen>
    <dimen name="dip_424">342.65dp</dimen>
    <dimen name="dip_425">343.46dp</dimen>
    <dimen name="dip_426">344.27dp</dimen>
    <dimen name="dip_427">345.08dp</dimen>
    <dimen name="dip_428">345.88dp</dimen>
    <dimen name="dip_429">346.69dp</dimen>
    <dimen name="dip_430">347.5dp</dimen>
    <dimen name="dip_431">348.31dp</dimen>
    <dimen name="dip_432">349.12dp</dimen>
    <dimen name="dip_433">349.92dp</dimen>
    <dimen name="dip_434">350.73dp</dimen>
    <dimen name="dip_435">351.54dp</dimen>
    <dimen name="dip_436">352.35dp</dimen>
    <dimen name="dip_437">353.16dp</dimen>
    <dimen name="dip_438">353.97dp</dimen>
    <dimen name="dip_439">354.77dp</dimen>
    <dimen name="dip_440">355.58dp</dimen>
    <dimen name="dip_441">356.39dp</dimen>
    <dimen name="dip_442">357.2dp</dimen>
    <dimen name="dip_443">358.01dp</dimen>
    <dimen name="dip_444">358.81dp</dimen>
    <dimen name="dip_445">359.62dp</dimen>
    <dimen name="dip_446">360.43dp</dimen>
    <dimen name="dip_447">361.24dp</dimen>
    <dimen name="dip_448">362.05dp</dimen>
    <dimen name="dip_449">362.85dp</dimen>
    <dimen name="dip_450">363.66dp</dimen>
    <dimen name="dip_451">364.47dp</dimen>
    <dimen name="dip_452">365.28dp</dimen>
    <dimen name="dip_453">366.09dp</dimen>
    <dimen name="dip_454">366.9dp</dimen>
    <dimen name="dip_455">367.7dp</dimen>
    <dimen name="dip_456">368.51dp</dimen>
    <dimen name="dip_457">369.32dp</dimen>
    <dimen name="dip_458">370.13dp</dimen>
    <dimen name="dip_459">370.94dp</dimen>
    <dimen name="dip_460">371.74dp</dimen>
    <dimen name="dip_461">372.55dp</dimen>
    <dimen name="dip_462">373.36dp</dimen>
    <dimen name="dip_463">374.17dp</dimen>
    <dimen name="dip_464">374.98dp</dimen>
    <dimen name="dip_465">375.79dp</dimen>
    <dimen name="dip_466">376.59dp</dimen>
    <dimen name="dip_467">377.4dp</dimen>
    <dimen name="dip_468">378.21dp</dimen>
    <dimen name="dip_469">379.02dp</dimen>
    <dimen name="dip_470">379.83dp</dimen>
    <dimen name="dip_471">380.63dp</dimen>
    <dimen name="dip_472">381.44dp</dimen>
    <dimen name="dip_473">382.25dp</dimen>
    <dimen name="dip_474">383.06dp</dimen>
    <dimen name="dip_475">383.87dp</dimen>
    <dimen name="dip_476">384.67dp</dimen>
    <dimen name="dip_477">385.48dp</dimen>
    <dimen name="dip_478">386.29dp</dimen>
    <dimen name="dip_479">387.1dp</dimen>
    <dimen name="dip_480">387.91dp</dimen>
    <dimen name="dip_481">388.72dp</dimen>
    <dimen name="dip_482">389.52dp</dimen>
    <dimen name="dip_483">390.33dp</dimen>
    <dimen name="dip_484">391.14dp</dimen>
    <dimen name="dip_485">391.95dp</dimen>
    <dimen name="dip_486">392.76dp</dimen>
    <dimen name="dip_487">393.56dp</dimen>
    <dimen name="dip_488">394.37dp</dimen>
    <dimen name="dip_489">395.18dp</dimen>
    <dimen name="dip_490">395.99dp</dimen>
    <dimen name="dip_491">396.8dp</dimen>
    <dimen name="dip_492">397.6dp</dimen>
    <dimen name="dip_493">398.41dp</dimen>
    <dimen name="dip_494">399.22dp</dimen>
    <dimen name="dip_495">400.03dp</dimen>
    <dimen name="dip_496">400.84dp</dimen>
    <dimen name="dip_497">401.65dp</dimen>
    <dimen name="dip_498">402.45dp</dimen>
    <dimen name="dip_499">403.26dp</dimen>
    <dimen name="dip_500">404.07dp</dimen>
    <dimen name="dip_501">404.88dp</dimen>
    <dimen name="dip_502">405.69dp</dimen>
    <dimen name="dip_503">406.49dp</dimen>
    <dimen name="dip_504">407.3dp</dimen>
    <dimen name="dip_505">408.11dp</dimen>
    <dimen name="dip_506">408.92dp</dimen>
    <dimen name="dip_507">409.73dp</dimen>
    <dimen name="dip_508">410.54dp</dimen>
    <dimen name="dip_509">411.34dp</dimen>
    <dimen name="dip_510">412.15dp</dimen>
    <dimen name="dip_511">412.96dp</dimen>
    <dimen name="dip_512">413.77dp</dimen>
    <dimen name="dip_513">414.58dp</dimen>
    <dimen name="dip_514">415.38dp</dimen>
    <dimen name="dip_515">416.19dp</dimen>
    <dimen name="dip_516">417dp</dimen>
    <dimen name="dip_517">417.81dp</dimen>
    <dimen name="dip_518">418.62dp</dimen>
    <dimen name="dip_519">419.42dp</dimen>
    <dimen name="dip_520">420.23dp</dimen>
    <dimen name="dip_521">421.04dp</dimen>
    <dimen name="dip_522">421.85dp</dimen>
    <dimen name="dip_523">422.66dp</dimen>
    <dimen name="dip_524">423.47dp</dimen>
    <dimen name="dip_525">424.27dp</dimen>
    <dimen name="dip_526">425.08dp</dimen>
    <dimen name="dip_527">425.89dp</dimen>
    <dimen name="dip_528">426.7dp</dimen>
    <dimen name="dip_529">427.51dp</dimen>
    <dimen name="dip_530">428.31dp</dimen>
    <dimen name="dip_531">429.12dp</dimen>
    <dimen name="dip_532">429.93dp</dimen>
    <dimen name="dip_533">430.74dp</dimen>
    <dimen name="dip_534">431.55dp</dimen>
    <dimen name="dip_535">432.35dp</dimen>
    <dimen name="dip_536">433.16dp</dimen>
    <dimen name="dip_537">433.97dp</dimen>
    <dimen name="dip_538">434.78dp</dimen>
    <dimen name="dip_539">435.59dp</dimen>
    <dimen name="dip_540">436.4dp</dimen>
    <dimen name="dip_541">437.2dp</dimen>
    <dimen name="dip_542">438.01dp</dimen>
    <dimen name="dip_543">438.82dp</dimen>
    <dimen name="dip_544">439.63dp</dimen>
    <dimen name="dip_545">440.44dp</dimen>
    <dimen name="dip_546">441.24dp</dimen>
    <dimen name="dip_547">442.05dp</dimen>
    <dimen name="dip_548">442.86dp</dimen>
    <dimen name="dip_549">443.67dp</dimen>
    <dimen name="dip_550">444.48dp</dimen>
    <dimen name="dip_551">445.29dp</dimen>
    <dimen name="dip_552">446.09dp</dimen>
    <dimen name="dip_553">446.9dp</dimen>
    <dimen name="dip_554">447.71dp</dimen>
    <dimen name="dip_555">448.52dp</dimen>
    <dimen name="dip_556">449.33dp</dimen>
    <dimen name="dip_557">450.13dp</dimen>
    <dimen name="dip_558">450.94dp</dimen>
    <dimen name="dip_559">451.75dp</dimen>
    <dimen name="dip_560">452.56dp</dimen>
    <dimen name="dip_561">453.37dp</dimen>
    <dimen name="dip_562">454.17dp</dimen>
    <dimen name="dip_563">454.98dp</dimen>
    <dimen name="dip_564">455.79dp</dimen>
    <dimen name="dip_565">456.6dp</dimen>
    <dimen name="dip_566">457.41dp</dimen>
    <dimen name="dip_567">458.22dp</dimen>
    <dimen name="dip_568">459.02dp</dimen>
    <dimen name="dip_569">459.83dp</dimen>
    <dimen name="dip_570">460.64dp</dimen>
    <dimen name="dip_571">461.45dp</dimen>
    <dimen name="dip_572">462.26dp</dimen>
    <dimen name="dip_573">463.06dp</dimen>
    <dimen name="dip_574">463.87dp</dimen>
    <dimen name="dip_575">464.68dp</dimen>
    <dimen name="dip_576">465.49dp</dimen>
    <dimen name="dip_577">466.3dp</dimen>
    <dimen name="dip_578">467.1dp</dimen>
    <dimen name="dip_579">467.91dp</dimen>
    <dimen name="dip_580">468.72dp</dimen>
    <dimen name="dip_581">469.53dp</dimen>
    <dimen name="dip_582">470.34dp</dimen>
    <dimen name="dip_583">471.15dp</dimen>
    <dimen name="dip_584">471.95dp</dimen>
    <dimen name="dip_585">472.76dp</dimen>
    <dimen name="dip_586">473.57dp</dimen>
    <dimen name="dip_587">474.38dp</dimen>
    <dimen name="dip_588">475.19dp</dimen>
    <dimen name="dip_589">475.99dp</dimen>
    <dimen name="dip_590">476.8dp</dimen>
    <dimen name="dip_591">477.61dp</dimen>
    <dimen name="dip_592">478.42dp</dimen>
    <dimen name="dip_593">479.23dp</dimen>
    <dimen name="dip_594">480.04dp</dimen>
    <dimen name="dip_595">480.84dp</dimen>
    <dimen name="dip_596">481.65dp</dimen>
    <dimen name="dip_597">482.46dp</dimen>
    <dimen name="dip_598">483.27dp</dimen>
    <dimen name="dip_599">484.08dp</dimen>
    <dimen name="dip_600">484.88dp</dimen>
    <dimen name="dip_601">485.69dp</dimen>
    <dimen name="dip_602">486.5dp</dimen>
    <dimen name="dip_603">487.31dp</dimen>
    <dimen name="dip_604">488.12dp</dimen>
    <dimen name="dip_605">488.92dp</dimen>
    <dimen name="dip_606">489.73dp</dimen>
    <dimen name="dip_607">490.54dp</dimen>
    <dimen name="dip_608">491.35dp</dimen>
    <dimen name="dip_609">492.16dp</dimen>
    <dimen name="dip_610">492.97dp</dimen>
    <dimen name="dip_611">493.77dp</dimen>
    <dimen name="dip_612">494.58dp</dimen>
    <dimen name="dip_613">495.39dp</dimen>
    <dimen name="dip_614">496.2dp</dimen>
    <dimen name="dip_615">497.01dp</dimen>
    <dimen name="dip_616">497.81dp</dimen>
    <dimen name="dip_617">498.62dp</dimen>
    <dimen name="dip_618">499.43dp</dimen>
    <dimen name="dip_619">500.24dp</dimen>
    <dimen name="dip_620">501.05dp</dimen>
    <dimen name="dip_621">501.85dp</dimen>
    <dimen name="dip_622">502.66dp</dimen>
    <dimen name="dip_623">503.47dp</dimen>
    <dimen name="dip_624">504.28dp</dimen>
    <dimen name="dip_625">505.09dp</dimen>
    <dimen name="dip_626">505.9dp</dimen>
    <dimen name="dip_627">506.7dp</dimen>
    <dimen name="dip_628">507.51dp</dimen>
    <dimen name="dip_629">508.32dp</dimen>
    <dimen name="dip_630">509.13dp</dimen>
    <dimen name="dip_631">509.94dp</dimen>
    <dimen name="dip_632">510.74dp</dimen>
    <dimen name="dip_633">511.55dp</dimen>
    <dimen name="dip_634">512.36dp</dimen>
    <dimen name="dip_635">513.17dp</dimen>
    <dimen name="dip_636">513.98dp</dimen>
    <dimen name="dip_637">514.79dp</dimen>
    <dimen name="dip_638">515.59dp</dimen>
    <dimen name="dip_639">516.4dp</dimen>
    <dimen name="dip_640">517.21dp</dimen>
    <dimen name="dip_641">518.02dp</dimen>
    <dimen name="dip_642">518.83dp</dimen>
    <dimen name="dip_643">519.63dp</dimen>
    <dimen name="dip_644">520.44dp</dimen>
    <dimen name="dip_645">521.25dp</dimen>
    <dimen name="dip_646">522.06dp</dimen>
    <dimen name="dip_647">522.87dp</dimen>
    <dimen name="dip_648">523.67dp</dimen>
    <dimen name="dip_649">524.48dp</dimen>
    <dimen name="dip_650">525.29dp</dimen>
    <dimen name="dip_651">526.1dp</dimen>
    <dimen name="dip_652">526.91dp</dimen>
    <dimen name="dip_653">527.72dp</dimen>
    <dimen name="dip_654">528.52dp</dimen>
    <dimen name="dip_655">529.33dp</dimen>
    <dimen name="dip_656">530.14dp</dimen>
    <dimen name="dip_657">530.95dp</dimen>
    <dimen name="dip_658">531.76dp</dimen>
    <dimen name="dip_659">532.56dp</dimen>
    <dimen name="dip_660">533.37dp</dimen>
    <dimen name="dip_661">534.18dp</dimen>
    <dimen name="dip_662">534.99dp</dimen>
    <dimen name="dip_663">535.8dp</dimen>
    <dimen name="dip_664">536.6dp</dimen>
    <dimen name="dip_665">537.41dp</dimen>
    <dimen name="dip_666">538.22dp</dimen>
    <dimen name="dip_667">539.03dp</dimen>
    <dimen name="dip_668">539.84dp</dimen>
    <dimen name="dip_669">540.65dp</dimen>
    <dimen name="dip_670">541.45dp</dimen>
    <dimen name="dip_671">542.26dp</dimen>
    <dimen name="dip_672">543.07dp</dimen>
    <dimen name="dip_673">543.88dp</dimen>
    <dimen name="dip_674">544.69dp</dimen>
    <dimen name="dip_675">545.49dp</dimen>
    <dimen name="dip_676">546.3dp</dimen>
    <dimen name="dip_677">547.11dp</dimen>
    <dimen name="dip_678">547.92dp</dimen>
    <dimen name="dip_679">548.73dp</dimen>
    <dimen name="dip_680">549.54dp</dimen>
    <dimen name="dip_681">550.34dp</dimen>
    <dimen name="dip_682">551.15dp</dimen>
    <dimen name="dip_683">551.96dp</dimen>
    <dimen name="dip_684">552.77dp</dimen>
    <dimen name="dip_685">553.58dp</dimen>
    <dimen name="dip_686">554.38dp</dimen>
    <dimen name="dip_687">555.19dp</dimen>
    <dimen name="dip_688">556dp</dimen>
    <dimen name="dip_689">556.81dp</dimen>
    <dimen name="dip_690">557.62dp</dimen>
    <dimen name="dip_691">558.42dp</dimen>
    <dimen name="dip_692">559.23dp</dimen>
    <dimen name="dip_693">560.04dp</dimen>
    <dimen name="dip_694">560.85dp</dimen>
    <dimen name="dip_695">561.66dp</dimen>
    <dimen name="dip_696">562.47dp</dimen>
    <dimen name="dip_697">563.27dp</dimen>
    <dimen name="dip_698">564.08dp</dimen>
    <dimen name="dip_699">564.89dp</dimen>
    <dimen name="dip_700">565.7dp</dimen>
    <dimen name="dip_701">566.51dp</dimen>
    <dimen name="dip_702">567.31dp</dimen>
    <dimen name="dip_703">568.12dp</dimen>
    <dimen name="dip_704">568.93dp</dimen>
    <dimen name="dip_705">569.74dp</dimen>
    <dimen name="dip_706">570.55dp</dimen>
    <dimen name="dip_707">571.35dp</dimen>
    <dimen name="dip_708">572.16dp</dimen>
    <dimen name="dip_709">572.97dp</dimen>
    <dimen name="dip_710">573.78dp</dimen>
    <dimen name="dip_711">574.59dp</dimen>
    <dimen name="dip_712">575.4dp</dimen>
    <dimen name="dip_713">576.2dp</dimen>
    <dimen name="dip_714">577.01dp</dimen>
    <dimen name="dip_715">577.82dp</dimen>
    <dimen name="dip_716">578.63dp</dimen>
    <dimen name="dip_717">579.44dp</dimen>
    <dimen name="dip_718">580.24dp</dimen>
    <dimen name="dip_719">581.05dp</dimen>
    <dimen name="dip_720">581.86dp</dimen>
    <dimen name="dip_721">582.67dp</dimen>
    <dimen name="dip_722">583.48dp</dimen>
    <dimen name="dip_723">584.29dp</dimen>
    <dimen name="dip_724">585.09dp</dimen>
    <dimen name="dip_725">585.9dp</dimen>
    <dimen name="dip_726">586.71dp</dimen>
    <dimen name="dip_727">587.52dp</dimen>
    <dimen name="dip_728">588.33dp</dimen>
    <dimen name="dip_729">589.13dp</dimen>
    <dimen name="dip_730">589.94dp</dimen>
    <dimen name="dip_731">590.75dp</dimen>
    <dimen name="dip_732">591.56dp</dimen>
    <dimen name="dip_733">592.37dp</dimen>
    <dimen name="dip_734">593.17dp</dimen>
    <dimen name="dip_735">593.98dp</dimen>
    <dimen name="dip_736">594.79dp</dimen>
    <dimen name="dip_737">595.6dp</dimen>
    <dimen name="dip_738">596.41dp</dimen>
    <dimen name="dip_739">597.22dp</dimen>
    <dimen name="dip_740">598.02dp</dimen>
    <dimen name="dip_741">598.83dp</dimen>
    <dimen name="dip_742">599.64dp</dimen>
    <dimen name="dip_743">600.45dp</dimen>
    <dimen name="dip_744">601.26dp</dimen>
    <dimen name="dip_745">602.06dp</dimen>
    <dimen name="dip_746">602.87dp</dimen>
    <dimen name="dip_747">603.68dp</dimen>
    <dimen name="dip_748">604.49dp</dimen>
    <dimen name="dip_749">605.3dp</dimen>
    <dimen name="dip_750">606.11dp</dimen>
    <dimen name="dip_751">606.91dp</dimen>
    <dimen name="dip_752">607.72dp</dimen>
    <dimen name="dip_753">608.53dp</dimen>
    <dimen name="dip_754">609.34dp</dimen>
    <dimen name="dip_755">610.15dp</dimen>
    <dimen name="dip_756">610.95dp</dimen>
    <dimen name="dip_757">611.76dp</dimen>
    <dimen name="dip_758">612.57dp</dimen>
    <dimen name="dip_759">613.38dp</dimen>
    <dimen name="dip_760">614.19dp</dimen>
    <dimen name="dip_761">614.99dp</dimen>
    <dimen name="dip_762">615.8dp</dimen>
    <dimen name="dip_763">616.61dp</dimen>
    <dimen name="dip_764">617.42dp</dimen>
    <dimen name="dip_765">618.23dp</dimen>
    <dimen name="dip_766">619.04dp</dimen>
    <dimen name="dip_767">619.84dp</dimen>
    <dimen name="dip_768">620.65dp</dimen>
    <dimen name="dip_769">621.46dp</dimen>
    <dimen name="dip_770">622.27dp</dimen>
    <dimen name="dip_771">623.08dp</dimen>
    <dimen name="dip_772">623.88dp</dimen>
    <dimen name="dip_773">624.69dp</dimen>
    <dimen name="dip_774">625.5dp</dimen>
    <dimen name="dip_775">626.31dp</dimen>
    <dimen name="dip_776">627.12dp</dimen>
    <dimen name="dip_777">627.92dp</dimen>
    <dimen name="dip_778">628.73dp</dimen>
    <dimen name="dip_779">629.54dp</dimen>
    <dimen name="dip_780">630.35dp</dimen>
    <dimen name="dip_781">631.16dp</dimen>
    <dimen name="dip_782">631.97dp</dimen>
    <dimen name="dip_783">632.77dp</dimen>
    <dimen name="dip_784">633.58dp</dimen>
    <dimen name="dip_785">634.39dp</dimen>
    <dimen name="dip_786">635.2dp</dimen>
    <dimen name="dip_787">636.01dp</dimen>
    <dimen name="dip_788">636.81dp</dimen>
    <dimen name="dip_789">637.62dp</dimen>
    <dimen name="dip_790">638.43dp</dimen>
    <dimen name="dip_791">639.24dp</dimen>
    <dimen name="dip_792">640.05dp</dimen>
    <dimen name="dip_793">640.86dp</dimen>
    <dimen name="dip_794">641.66dp</dimen>
    <dimen name="dip_795">642.47dp</dimen>
    <dimen name="dip_796">643.28dp</dimen>
    <dimen name="dip_797">644.09dp</dimen>
    <dimen name="dip_798">644.9dp</dimen>
    <dimen name="dip_799">645.7dp</dimen>
    <dimen name="dip_800">646.51dp</dimen>
    <dimen name="dip_801">647.32dp</dimen>
    <dimen name="dip_802">648.13dp</dimen>
    <dimen name="dip_803">648.94dp</dimen>
    <dimen name="dip_804">649.74dp</dimen>
    <dimen name="dip_805">650.55dp</dimen>
    <dimen name="dip_806">651.36dp</dimen>
    <dimen name="dip_807">652.17dp</dimen>
    <dimen name="dip_808">652.98dp</dimen>
    <dimen name="dip_809">653.79dp</dimen>
    <dimen name="dip_810">654.59dp</dimen>
    <dimen name="dip_811">655.4dp</dimen>
    <dimen name="dip_812">656.21dp</dimen>
    <dimen name="dip_813">657.02dp</dimen>
    <dimen name="dip_814">657.83dp</dimen>
    <dimen name="dip_815">658.63dp</dimen>
    <dimen name="dip_816">659.44dp</dimen>
    <dimen name="dip_817">660.25dp</dimen>
    <dimen name="dip_818">661.06dp</dimen>
    <dimen name="dip_819">661.87dp</dimen>
    <dimen name="dip_820">662.67dp</dimen>
    <dimen name="dip_821">663.48dp</dimen>
    <dimen name="dip_822">664.29dp</dimen>
    <dimen name="dip_823">665.1dp</dimen>
    <dimen name="dip_824">665.91dp</dimen>
    <dimen name="dip_825">666.72dp</dimen>
    <dimen name="dip_826">667.52dp</dimen>
    <dimen name="dip_827">668.33dp</dimen>
    <dimen name="dip_828">669.14dp</dimen>
    <dimen name="dip_829">669.95dp</dimen>
    <dimen name="dip_830">670.76dp</dimen>
    <dimen name="dip_831">671.56dp</dimen>
    <dimen name="dip_832">672.37dp</dimen>
    <dimen name="dip_833">673.18dp</dimen>
    <dimen name="dip_834">673.99dp</dimen>
    <dimen name="dip_835">674.8dp</dimen>
    <dimen name="dip_836">675.61dp</dimen>
    <dimen name="dip_837">676.41dp</dimen>
    <dimen name="dip_838">677.22dp</dimen>
    <dimen name="dip_839">678.03dp</dimen>
    <dimen name="dip_840">678.84dp</dimen>
    <dimen name="dip_841">679.65dp</dimen>
    <dimen name="dip_842">680.45dp</dimen>
    <dimen name="dip_843">681.26dp</dimen>
    <dimen name="dip_844">682.07dp</dimen>
    <dimen name="dip_845">682.88dp</dimen>
    <dimen name="dip_846">683.69dp</dimen>
    <dimen name="dip_847">684.49dp</dimen>
    <dimen name="dip_848">685.3dp</dimen>
    <dimen name="dip_849">686.11dp</dimen>
    <dimen name="dip_850">686.92dp</dimen>
    <dimen name="dip_851">687.73dp</dimen>
    <dimen name="dip_852">688.54dp</dimen>
    <dimen name="dip_853">689.34dp</dimen>
    <dimen name="dip_854">690.15dp</dimen>
    <dimen name="dip_855">690.96dp</dimen>
    <dimen name="dip_856">691.77dp</dimen>
    <dimen name="dip_857">692.58dp</dimen>
    <dimen name="dip_858">693.38dp</dimen>
    <dimen name="dip_859">694.19dp</dimen>
    <dimen name="dip_860">695dp</dimen>
    <dimen name="dip_861">695.81dp</dimen>
    <dimen name="dip_862">696.62dp</dimen>
    <dimen name="dip_863">697.42dp</dimen>
    <dimen name="dip_864">698.23dp</dimen>
    <dimen name="dip_865">699.04dp</dimen>
    <dimen name="dip_866">699.85dp</dimen>
    <dimen name="dip_867">700.66dp</dimen>
    <dimen name="dip_868">701.47dp</dimen>
    <dimen name="dip_869">702.27dp</dimen>
    <dimen name="dip_870">703.08dp</dimen>
    <dimen name="dip_871">703.89dp</dimen>
    <dimen name="dip_872">704.7dp</dimen>
    <dimen name="dip_873">705.51dp</dimen>
    <dimen name="dip_874">706.31dp</dimen>
    <dimen name="dip_875">707.12dp</dimen>
    <dimen name="dip_876">707.93dp</dimen>
    <dimen name="dip_877">708.74dp</dimen>
    <dimen name="dip_878">709.55dp</dimen>
    <dimen name="dip_879">710.36dp</dimen>
    <dimen name="dip_880">711.16dp</dimen>
    <dimen name="dip_881">711.97dp</dimen>
    <dimen name="dip_882">712.78dp</dimen>
    <dimen name="dip_883">713.59dp</dimen>
    <dimen name="dip_884">714.4dp</dimen>
    <dimen name="dip_885">715.2dp</dimen>
    <dimen name="dip_886">716.01dp</dimen>
    <dimen name="dip_887">716.82dp</dimen>
    <dimen name="dip_888">717.63dp</dimen>
    <dimen name="dip_889">718.44dp</dimen>
    <dimen name="dip_890">719.24dp</dimen>
    <dimen name="dip_891">720.05dp</dimen>
    <dimen name="dip_892">720.86dp</dimen>
    <dimen name="dip_893">721.67dp</dimen>
    <dimen name="dip_894">722.48dp</dimen>
    <dimen name="dip_895">723.29dp</dimen>
    <dimen name="dip_896">724.09dp</dimen>
    <dimen name="dip_897">724.9dp</dimen>
    <dimen name="dip_898">725.71dp</dimen>
    <dimen name="dip_899">726.52dp</dimen>
    <dimen name="dip_900">727.33dp</dimen>
    <dimen name="dip_901">728.13dp</dimen>
    <dimen name="dip_902">728.94dp</dimen>
    <dimen name="dip_903">729.75dp</dimen>
    <dimen name="dip_904">730.56dp</dimen>
    <dimen name="dip_905">731.37dp</dimen>
    <dimen name="dip_906">732.17dp</dimen>
    <dimen name="dip_907">732.98dp</dimen>
    <dimen name="dip_908">733.79dp</dimen>
    <dimen name="dip_909">734.6dp</dimen>
    <dimen name="dip_910">735.41dp</dimen>
    <dimen name="dip_911">736.22dp</dimen>
    <dimen name="dip_912">737.02dp</dimen>
    <dimen name="dip_913">737.83dp</dimen>
    <dimen name="dip_914">738.64dp</dimen>
    <dimen name="dip_915">739.45dp</dimen>
    <dimen name="dip_916">740.26dp</dimen>
    <dimen name="dip_917">741.06dp</dimen>
    <dimen name="dip_918">741.87dp</dimen>
    <dimen name="dip_919">742.68dp</dimen>
    <dimen name="dip_920">743.49dp</dimen>
    <dimen name="dip_921">744.3dp</dimen>
    <dimen name="dip_922">745.11dp</dimen>
    <dimen name="dip_923">745.91dp</dimen>
    <dimen name="dip_924">746.72dp</dimen>
    <dimen name="dip_925">747.53dp</dimen>
    <dimen name="dip_926">748.34dp</dimen>
    <dimen name="dip_927">749.15dp</dimen>
    <dimen name="dip_928">749.95dp</dimen>
    <dimen name="dip_929">750.76dp</dimen>
    <dimen name="dip_930">751.57dp</dimen>
    <dimen name="dip_931">752.38dp</dimen>
    <dimen name="dip_932">753.19dp</dimen>
    <dimen name="dip_933">753.99dp</dimen>
    <dimen name="dip_934">754.8dp</dimen>
    <dimen name="dip_935">755.61dp</dimen>
    <dimen name="dip_936">756.42dp</dimen>
    <dimen name="dip_937">757.23dp</dimen>
    <dimen name="dip_938">758.04dp</dimen>
    <dimen name="dip_939">758.84dp</dimen>
    <dimen name="dip_940">759.65dp</dimen>
    <dimen name="dip_941">760.46dp</dimen>
    <dimen name="dip_942">761.27dp</dimen>
    <dimen name="dip_943">762.08dp</dimen>
    <dimen name="dip_944">762.88dp</dimen>
    <dimen name="dip_945">763.69dp</dimen>
    <dimen name="dip_946">764.5dp</dimen>
    <dimen name="dip_947">765.31dp</dimen>
    <dimen name="dip_948">766.12dp</dimen>
    <dimen name="dip_949">766.92dp</dimen>
    <dimen name="dip_950">767.73dp</dimen>
    <dimen name="dip_951">768.54dp</dimen>
    <dimen name="dip_952">769.35dp</dimen>
    <dimen name="dip_953">770.16dp</dimen>
    <dimen name="dip_954">770.97dp</dimen>
    <dimen name="dip_955">771.77dp</dimen>
    <dimen name="dip_956">772.58dp</dimen>
    <dimen name="dip_957">773.39dp</dimen>
    <dimen name="dip_958">774.2dp</dimen>
    <dimen name="dip_959">775.01dp</dimen>
    <dimen name="dip_960">775.81dp</dimen>
    <dimen name="dip_961">776.62dp</dimen>
    <dimen name="dip_962">777.43dp</dimen>
    <dimen name="dip_963">778.24dp</dimen>
    <dimen name="dip_964">779.05dp</dimen>
    <dimen name="dip_965">779.86dp</dimen>
    <dimen name="dip_966">780.66dp</dimen>
    <dimen name="dip_967">781.47dp</dimen>
    <dimen name="dip_968">782.28dp</dimen>
    <dimen name="dip_969">783.09dp</dimen>
    <dimen name="dip_970">783.9dp</dimen>
    <dimen name="dip_971">784.7dp</dimen>
    <dimen name="dip_972">785.51dp</dimen>
    <dimen name="dip_973">786.32dp</dimen>
    <dimen name="dip_974">787.13dp</dimen>
    <dimen name="dip_975">787.94dp</dimen>
    <dimen name="dip_976">788.74dp</dimen>
    <dimen name="dip_977">789.55dp</dimen>
    <dimen name="dip_978">790.36dp</dimen>
    <dimen name="dip_979">791.17dp</dimen>
    <dimen name="dip_980">791.98dp</dimen>
    <dimen name="dip_981">792.79dp</dimen>
    <dimen name="dip_982">793.59dp</dimen>
    <dimen name="dip_983">794.4dp</dimen>
    <dimen name="dip_984">795.21dp</dimen>
    <dimen name="dip_985">796.02dp</dimen>
    <dimen name="dip_986">796.83dp</dimen>
    <dimen name="dip_987">797.63dp</dimen>
    <dimen name="dip_988">798.44dp</dimen>
    <dimen name="dip_989">799.25dp</dimen>
    <dimen name="dip_990">800.06dp</dimen>
    <dimen name="dip_991">800.87dp</dimen>
    <dimen name="dip_992">801.67dp</dimen>
    <dimen name="dip_993">802.48dp</dimen>
    <dimen name="dip_994">803.29dp</dimen>
    <dimen name="dip_995">804.1dp</dimen>
    <dimen name="dip_996">804.91dp</dimen>
    <dimen name="dip_997">805.72dp</dimen>
    <dimen name="dip_998">806.52dp</dimen>
    <dimen name="dip_999">807.33dp</dimen>
    <dimen name="dip_1000">808.14dp</dimen>
    <dimen name="dip_1001">808.95dp</dimen>
    <dimen name="dip_1002">809.76dp</dimen>
    <dimen name="dip_1003">810.56dp</dimen>
    <dimen name="dip_1004">811.37dp</dimen>
    <dimen name="dip_1005">812.18dp</dimen>
    <dimen name="dip_1006">812.99dp</dimen>
    <dimen name="dip_1007">813.8dp</dimen>
    <dimen name="dip_1008">814.61dp</dimen>
    <dimen name="dip_1009">815.41dp</dimen>
    <dimen name="dip_1010">816.22dp</dimen>
    <dimen name="dip_1011">817.03dp</dimen>
    <dimen name="dip_1012">817.84dp</dimen>
    <dimen name="dip_1013">818.65dp</dimen>
    <dimen name="dip_1014">819.45dp</dimen>
    <dimen name="dip_1015">820.26dp</dimen>
    <dimen name="dip_1016">821.07dp</dimen>
    <dimen name="dip_1017">821.88dp</dimen>
    <dimen name="dip_1018">822.69dp</dimen>
    <dimen name="dip_1019">823.49dp</dimen>
    <dimen name="dip_1020">824.3dp</dimen>
    <dimen name="dip_1021">825.11dp</dimen>
    <dimen name="dip_1022">825.92dp</dimen>
    <dimen name="dip_1023">826.73dp</dimen>
    <dimen name="dip_1024">827.54dp</dimen>
    <dimen name="dip_1025">828.34dp</dimen>
    <dimen name="dip_1026">829.15dp</dimen>
    <dimen name="dip_1027">829.96dp</dimen>
    <dimen name="dip_1028">830.77dp</dimen>
    <dimen name="dip_1029">831.58dp</dimen>
    <dimen name="dip_1030">832.38dp</dimen>
    <dimen name="dip_1031">833.19dp</dimen>
    <dimen name="dip_1032">834dp</dimen>
    <dimen name="dip_1033">834.81dp</dimen>
    <dimen name="dip_1034">835.62dp</dimen>
    <dimen name="dip_1035">836.42dp</dimen>
    <dimen name="dip_1036">837.23dp</dimen>
    <dimen name="dip_1037">838.04dp</dimen>
    <dimen name="dip_1038">838.85dp</dimen>
    <dimen name="dip_1039">839.66dp</dimen>
    <dimen name="dip_1040">840.47dp</dimen>
    <dimen name="dip_1041">841.27dp</dimen>
    <dimen name="dip_1042">842.08dp</dimen>
    <dimen name="dip_1043">842.89dp</dimen>
    <dimen name="dip_1044">843.7dp</dimen>
    <dimen name="dip_1045">844.51dp</dimen>
    <dimen name="dip_1046">845.31dp</dimen>
    <dimen name="dip_1047">846.12dp</dimen>
    <dimen name="dip_1048">846.93dp</dimen>
    <dimen name="dip_1049">847.74dp</dimen>
    <dimen name="dip_1050">848.55dp</dimen>
    <dimen name="dip_1051">849.36dp</dimen>
    <dimen name="dip_1052">850.16dp</dimen>
    <dimen name="dip_1053">850.97dp</dimen>
    <dimen name="dip_1054">851.78dp</dimen>
    <dimen name="dip_1055">852.59dp</dimen>
    <dimen name="dip_1056">853.4dp</dimen>
    <dimen name="dip_1057">854.2dp</dimen>
    <dimen name="dip_1058">855.01dp</dimen>
    <dimen name="dip_1059">855.82dp</dimen>
    <dimen name="dip_1060">856.63dp</dimen>
    <dimen name="dip_1061">857.44dp</dimen>
    <dimen name="dip_1062">858.24dp</dimen>
    <dimen name="dip_1063">859.05dp</dimen>
    <dimen name="dip_1064">859.86dp</dimen>
    <dimen name="dip_1065">860.67dp</dimen>
    <dimen name="dip_1066">861.48dp</dimen>
    <dimen name="dip_1067">862.29dp</dimen>
    <dimen name="dip_1068">863.09dp</dimen>
    <dimen name="dip_1069">863.9dp</dimen>
    <dimen name="dip_1070">864.71dp</dimen>
    <dimen name="dip_1071">865.52dp</dimen>
    <dimen name="dip_1072">866.33dp</dimen>
    <dimen name="dip_1073">867.13dp</dimen>
    <dimen name="dip_1074">867.94dp</dimen>
    <dimen name="dip_1075">868.75dp</dimen>
    <dimen name="dip_1076">869.56dp</dimen>
    <dimen name="dip_1077">870.37dp</dimen>
    <dimen name="dip_1078">871.17dp</dimen>
    <dimen name="dip_1079">871.98dp</dimen>
    <dimen name="dip_1080">872.79dp</dimen>
    <dimen name="dip_1081">873.6dp</dimen>
    <dimen name="dip_1082">874.41dp</dimen>
    <dimen name="dip_1083">875.22dp</dimen>
    <dimen name="dip_1084">876.02dp</dimen>
    <dimen name="dip_1085">876.83dp</dimen>
    <dimen name="dip_1086">877.64dp</dimen>
    <dimen name="dip_1087">878.45dp</dimen>
    <dimen name="dip_1088">879.26dp</dimen>
    <dimen name="dip_1089">880.06dp</dimen>
    <dimen name="dip_1090">880.87dp</dimen>
    <dimen name="dip_1091">881.68dp</dimen>
    <dimen name="dip_1092">882.49dp</dimen>
    <dimen name="dip_1093">883.3dp</dimen>
    <dimen name="dip_1094">884.11dp</dimen>
    <dimen name="dip_1095">884.91dp</dimen>
    <dimen name="dip_1096">885.72dp</dimen>
    <dimen name="dip_1097">886.53dp</dimen>
    <dimen name="dip_1098">887.34dp</dimen>
    <dimen name="dip_1099">888.15dp</dimen>
    <dimen name="dip_1100">888.95dp</dimen>
    <dimen name="dip_1101">889.76dp</dimen>
    <dimen name="dip_1102">890.57dp</dimen>
    <dimen name="dip_1103">891.38dp</dimen>
    <dimen name="dip_1104">892.19dp</dimen>
    <dimen name="dip_1105">892.99dp</dimen>
    <dimen name="dip_1106">893.8dp</dimen>
    <dimen name="dip_1107">894.61dp</dimen>
    <dimen name="dip_1108">895.42dp</dimen>
    <dimen name="dip_1109">896.23dp</dimen>
    <dimen name="dip_1110">897.04dp</dimen>
    <dimen name="dip_1111">897.84dp</dimen>
    <dimen name="dip_1112">898.65dp</dimen>
    <dimen name="dip_1113">899.46dp</dimen>
    <dimen name="dip_1114">900.27dp</dimen>
    <dimen name="dip_1115">901.08dp</dimen>
    <dimen name="dip_1116">901.88dp</dimen>
    <dimen name="dip_1117">902.69dp</dimen>
    <dimen name="dip_1118">903.5dp</dimen>
    <dimen name="dip_1119">904.31dp</dimen>
    <dimen name="dip_1120">905.12dp</dimen>
    <dimen name="dip_1121">905.92dp</dimen>
    <dimen name="dip_1122">906.73dp</dimen>
    <dimen name="dip_1123">907.54dp</dimen>
    <dimen name="dip_1124">908.35dp</dimen>
    <dimen name="dip_1125">909.16dp</dimen>
    <dimen name="dip_1126">909.97dp</dimen>
    <dimen name="dip_1127">910.77dp</dimen>
    <dimen name="dip_1128">911.58dp</dimen>
    <dimen name="dip_1129">912.39dp</dimen>
    <dimen name="dip_1130">913.2dp</dimen>
    <dimen name="dip_1131">914.01dp</dimen>
    <dimen name="dip_1132">914.81dp</dimen>
    <dimen name="dip_1133">915.62dp</dimen>
    <dimen name="dip_1134">916.43dp</dimen>
    <dimen name="dip_1135">917.24dp</dimen>
    <dimen name="dip_1136">918.05dp</dimen>
    <dimen name="dip_1137">918.86dp</dimen>
    <dimen name="dip_1138">919.66dp</dimen>
    <dimen name="dip_1139">920.47dp</dimen>
    <dimen name="dip_1140">921.28dp</dimen>
    <dimen name="dip_1141">922.09dp</dimen>
    <dimen name="dip_1142">922.9dp</dimen>
    <dimen name="dip_1143">923.7dp</dimen>
    <dimen name="dip_1144">924.51dp</dimen>
    <dimen name="dip_1145">925.32dp</dimen>
    <dimen name="dip_1146">926.13dp</dimen>
    <dimen name="dip_1147">926.94dp</dimen>
    <dimen name="dip_1148">927.74dp</dimen>
    <dimen name="dip_1149">928.55dp</dimen>
    <dimen name="dip_1150">929.36dp</dimen>
    <dimen name="dip_1151">930.17dp</dimen>
    <dimen name="dip_1152">930.98dp</dimen>
    <dimen name="dip_1153">931.79dp</dimen>
    <dimen name="dip_1154">932.59dp</dimen>
    <dimen name="dip_1155">933.4dp</dimen>
    <dimen name="dip_1156">934.21dp</dimen>
    <dimen name="dip_1157">935.02dp</dimen>
    <dimen name="dip_1158">935.83dp</dimen>
    <dimen name="dip_1159">936.63dp</dimen>
    <dimen name="dip_1160">937.44dp</dimen>
    <dimen name="dip_1161">938.25dp</dimen>
    <dimen name="dip_1162">939.06dp</dimen>
    <dimen name="dip_1163">939.87dp</dimen>
    <dimen name="dip_1164">940.67dp</dimen>
    <dimen name="dip_1165">941.48dp</dimen>
    <dimen name="dip_1166">942.29dp</dimen>
    <dimen name="dip_1167">943.1dp</dimen>
    <dimen name="dip_1168">943.91dp</dimen>
    <dimen name="dip_1169">944.72dp</dimen>
    <dimen name="dip_1170">945.52dp</dimen>
    <dimen name="dip_1171">946.33dp</dimen>
    <dimen name="dip_1172">947.14dp</dimen>
    <dimen name="dip_1173">947.95dp</dimen>
    <dimen name="dip_1174">948.76dp</dimen>
    <dimen name="dip_1175">949.56dp</dimen>
    <dimen name="dip_1176">950.37dp</dimen>
    <dimen name="dip_1177">951.18dp</dimen>
    <dimen name="dip_1178">951.99dp</dimen>
    <dimen name="dip_1179">952.8dp</dimen>
    <dimen name="dip_1180">953.61dp</dimen>
    <dimen name="dip_1181">954.41dp</dimen>
    <dimen name="dip_1182">955.22dp</dimen>
    <dimen name="dip_1183">956.03dp</dimen>
    <dimen name="dip_1184">956.84dp</dimen>
    <dimen name="dip_1185">957.65dp</dimen>
    <dimen name="dip_1186">958.45dp</dimen>
    <dimen name="dip_1187">959.26dp</dimen>
    <dimen name="dip_1188">960.07dp</dimen>
    <dimen name="dip_1189">960.88dp</dimen>
    <dimen name="dip_1190">961.69dp</dimen>
    <dimen name="dip_1191">962.49dp</dimen>
    <dimen name="dip_1192">963.3dp</dimen>
    <dimen name="dip_1193">964.11dp</dimen>
    <dimen name="dip_1194">964.92dp</dimen>
    <dimen name="dip_1195">965.73dp</dimen>
    <dimen name="dip_1196">966.54dp</dimen>
    <dimen name="dip_1197">967.34dp</dimen>
    <dimen name="dip_1198">968.15dp</dimen>
    <dimen name="dip_1199">968.96dp</dimen>
    <dimen name="dip_1200">969.77dp</dimen>
    <dimen name="dip_1201">970.58dp</dimen>
    <dimen name="dip_1202">971.38dp</dimen>
    <dimen name="dip_1203">972.19dp</dimen>
    <dimen name="dip_1204">973dp</dimen>
    <dimen name="dip_1205">973.81dp</dimen>
    <dimen name="dip_1206">974.62dp</dimen>
    <dimen name="dip_1207">975.42dp</dimen>
    <dimen name="dip_1208">976.23dp</dimen>
    <dimen name="dip_1209">977.04dp</dimen>
    <dimen name="dip_1210">977.85dp</dimen>
    <dimen name="dip_1211">978.66dp</dimen>
    <dimen name="dip_1212">979.47dp</dimen>
    <dimen name="dip_1213">980.27dp</dimen>
    <dimen name="dip_1214">981.08dp</dimen>
    <dimen name="dip_1215">981.89dp</dimen>
    <dimen name="dip_1216">982.7dp</dimen>
    <dimen name="dip_1217">983.51dp</dimen>
    <dimen name="dip_1218">984.31dp</dimen>
    <dimen name="dip_1219">985.12dp</dimen>
    <dimen name="dip_1220">985.93dp</dimen>
    <dimen name="dip_1221">986.74dp</dimen>
    <dimen name="dip_1222">987.55dp</dimen>
    <dimen name="dip_1223">988.36dp</dimen>
    <dimen name="dip_1224">989.16dp</dimen>
    <dimen name="dip_1225">989.97dp</dimen>
    <dimen name="dip_1226">990.78dp</dimen>
    <dimen name="dip_1227">991.59dp</dimen>
    <dimen name="dip_1228">992.4dp</dimen>
    <dimen name="dip_1229">993.2dp</dimen>
    <dimen name="dip_1230">994.01dp</dimen>
    <dimen name="dip_1231">994.82dp</dimen>
    <dimen name="dip_1232">995.63dp</dimen>
    <dimen name="dip_1233">996.44dp</dimen>
    <dimen name="dip_1234">997.24dp</dimen>
    <dimen name="dip_1235">998.05dp</dimen>
    <dimen name="dip_1236">998.86dp</dimen>
    <dimen name="dip_1237">999.67dp</dimen>
    <dimen name="dip_1238">1000.48dp</dimen>
    <dimen name="dip_1239">1001.29dp</dimen>
    <dimen name="dip_1240">1002.09dp</dimen>
    <dimen name="dip_1241">1002.9dp</dimen>
    <dimen name="dip_1242">1003.71dp</dimen>
    <dimen name="dip_1243">1004.52dp</dimen>
    <dimen name="dip_1244">1005.33dp</dimen>
    <dimen name="dip_1245">1006.13dp</dimen>
    <dimen name="dip_1246">1006.94dp</dimen>
    <dimen name="dip_1247">1007.75dp</dimen>
    <dimen name="dip_1248">1008.56dp</dimen>
    <dimen name="dip_1249">1009.37dp</dimen>
    <dimen name="dip_1250">1010.17dp</dimen>
    <dimen name="dip_1251">1010.98dp</dimen>
    <dimen name="dip_1252">1011.79dp</dimen>
    <dimen name="dip_1253">1012.6dp</dimen>
    <dimen name="dip_1254">1013.41dp</dimen>
    <dimen name="dip_1255">1014.22dp</dimen>
    <dimen name="dip_1256">1015.02dp</dimen>
    <dimen name="dip_1257">1015.83dp</dimen>
    <dimen name="dip_1258">1016.64dp</dimen>
    <dimen name="dip_1259">1017.45dp</dimen>
    <dimen name="dip_1260">1018.26dp</dimen>
    <dimen name="dip_1261">1019.06dp</dimen>
    <dimen name="dip_1262">1019.87dp</dimen>
    <dimen name="dip_1263">1020.68dp</dimen>
    <dimen name="dip_1264">1021.49dp</dimen>
    <dimen name="dip_1265">1022.3dp</dimen>
    <dimen name="dip_1266">1023.11dp</dimen>
    <dimen name="dip_1267">1023.91dp</dimen>
    <dimen name="dip_1268">1024.72dp</dimen>
    <dimen name="dip_1269">1025.53dp</dimen>
    <dimen name="dip_1270">1026.34dp</dimen>
    <dimen name="dip_1271">1027.15dp</dimen>
    <dimen name="dip_1272">1027.95dp</dimen>
    <dimen name="dip_1273">1028.76dp</dimen>
    <dimen name="dip_1274">1029.57dp</dimen>
    <dimen name="dip_1275">1030.38dp</dimen>
    <dimen name="dip_1276">1031.19dp</dimen>
    <dimen name="dip_1277">1031.99dp</dimen>
    <dimen name="dip_1278">1032.8dp</dimen>
    <dimen name="dip_1279">1033.61dp</dimen>
    <dimen name="dip_1280">1034.42dp</dimen>
    <dimen name="dip_1281">1035.23dp</dimen>
    <dimen name="dip_1282">1036.04dp</dimen>
    <dimen name="dip_1283">1036.84dp</dimen>
    <dimen name="dip_1284">1037.65dp</dimen>
    <dimen name="dip_1285">1038.46dp</dimen>
    <dimen name="dip_1286">1039.27dp</dimen>
    <dimen name="dip_1287">1040.08dp</dimen>
    <dimen name="dip_1288">1040.88dp</dimen>
    <dimen name="dip_1289">1041.69dp</dimen>
    <dimen name="dip_1290">1042.5dp</dimen>
    <dimen name="dip_1291">1043.31dp</dimen>
    <dimen name="dip_1292">1044.12dp</dimen>
    <dimen name="dip_1293">1044.93dp</dimen>
    <dimen name="dip_1294">1045.73dp</dimen>
    <dimen name="dip_1295">1046.54dp</dimen>
    <dimen name="dip_1296">1047.35dp</dimen>
    <dimen name="dip_1297">1048.16dp</dimen>
    <dimen name="dip_1298">1048.97dp</dimen>
    <dimen name="dip_1299">1049.77dp</dimen>
    <dimen name="dip_1300">1050.58dp</dimen>

    <!-- 统一屏幕适配sp -->
    <dimen name="sp_1">0.81sp</dimen>
    <dimen name="sp_2">1.62sp</dimen>
    <dimen name="sp_3">2.42sp</dimen>
    <dimen name="sp_4">3.23sp</dimen>
    <dimen name="sp_5">4.04sp</dimen>
    <dimen name="sp_6">4.85sp</dimen>
    <dimen name="sp_7">5.66sp</dimen>
    <dimen name="sp_8">6.47sp</dimen>
    <dimen name="sp_9">7.27sp</dimen>
    <dimen name="sp_10">8.08sp</dimen>
    <dimen name="sp_11">8.89sp</dimen>
    <dimen name="sp_12">9.7sp</dimen>
    <dimen name="sp_13">10.51sp</dimen>
    <dimen name="sp_14">11.31sp</dimen>
    <dimen name="sp_15">12.12sp</dimen>
    <dimen name="sp_16">12.93sp</dimen>
    <dimen name="sp_17">13.74sp</dimen>
    <dimen name="sp_18">14.55sp</dimen>
    <dimen name="sp_19">15.35sp</dimen>
    <dimen name="sp_20">16.16sp</dimen>
    <dimen name="sp_21">16.97sp</dimen>
    <dimen name="sp_22">17.78sp</dimen>
    <dimen name="sp_23">18.59sp</dimen>
    <dimen name="sp_24">19.4sp</dimen>
    <dimen name="sp_25">20.2sp</dimen>
    <dimen name="sp_26">21.01sp</dimen>
    <dimen name="sp_27">21.82sp</dimen>
    <dimen name="sp_28">22.63sp</dimen>
    <dimen name="sp_29">23.44sp</dimen>
    <dimen name="sp_30">24.24sp</dimen>
    <dimen name="sp_31">25.05sp</dimen>
    <dimen name="sp_32">25.86sp</dimen>
    <dimen name="sp_33">26.67sp</dimen>
    <dimen name="sp_34">27.48sp</dimen>
    <dimen name="sp_35">28.28sp</dimen>
    <dimen name="sp_36">29.09sp</dimen>
    <dimen name="sp_37">29.9sp</dimen>
    <dimen name="sp_38">30.71sp</dimen>
    <dimen name="sp_39">31.52sp</dimen>
    <dimen name="sp_40">32.33sp</dimen>
    <dimen name="sp_41">33.13sp</dimen>
    <dimen name="sp_42">33.94sp</dimen>
    <dimen name="sp_43">34.75sp</dimen>
    <dimen name="sp_44">35.56sp</dimen>
    <dimen name="sp_45">36.37sp</dimen>
    <dimen name="sp_46">37.17sp</dimen>
    <dimen name="sp_47">37.98sp</dimen>
    <dimen name="sp_48">38.79sp</dimen>
    <dimen name="sp_49">39.6sp</dimen>
    <dimen name="sp_50">40.41sp</dimen>
    <dimen name="sp_51">41.22sp</dimen>
    <dimen name="sp_52">42.02sp</dimen>
    <dimen name="sp_53">42.83sp</dimen>
    <dimen name="sp_54">43.64sp</dimen>
    <dimen name="sp_55">44.45sp</dimen>
    <dimen name="sp_56">45.26sp</dimen>
    <dimen name="sp_57">46.06sp</dimen>
    <dimen name="sp_58">46.87sp</dimen>
    <dimen name="sp_59">47.68sp</dimen>
    <dimen name="sp_60">48.49sp</dimen>
    <dimen name="sp_61">49.3sp</dimen>
    <dimen name="sp_62">50.1sp</dimen>
    <dimen name="sp_63">50.91sp</dimen>
    <dimen name="sp_64">51.72sp</dimen>
    <dimen name="sp_65">52.53sp</dimen>
    <dimen name="sp_66">53.34sp</dimen>
    <dimen name="sp_67">54.15sp</dimen>
    <dimen name="sp_68">54.95sp</dimen>
    <dimen name="sp_69">55.76sp</dimen>
    <dimen name="sp_70">56.57sp</dimen>
    <dimen name="sp_71">57.38sp</dimen>
    <dimen name="sp_72">58.19sp</dimen>
    <dimen name="sp_73">58.99sp</dimen>
    <dimen name="sp_74">59.8sp</dimen>
    <dimen name="sp_75">60.61sp</dimen>
    <dimen name="sp_76">61.42sp</dimen>
    <dimen name="sp_77">62.23sp</dimen>
    <dimen name="sp_78">63.03sp</dimen>
    <dimen name="sp_79">63.84sp</dimen>
    <dimen name="sp_80">64.65sp</dimen>
    <dimen name="sp_81">65.46sp</dimen>
    <dimen name="sp_82">66.27sp</dimen>
    <dimen name="sp_83">67.08sp</dimen>
    <dimen name="sp_84">67.88sp</dimen>
    <dimen name="sp_85">68.69sp</dimen>
    <dimen name="sp_86">69.5sp</dimen>
    <dimen name="sp_87">70.31sp</dimen>
    <dimen name="sp_88">71.12sp</dimen>
    <dimen name="sp_89">71.92sp</dimen>
    <dimen name="sp_90">72.73sp</dimen>
    <dimen name="sp_91">73.54sp</dimen>
    <dimen name="sp_92">74.35sp</dimen>
    <dimen name="sp_93">75.16sp</dimen>
    <dimen name="sp_94">75.97sp</dimen>
    <dimen name="sp_95">76.77sp</dimen>
    <dimen name="sp_96">77.58sp</dimen>
    <dimen name="sp_97">78.39sp</dimen>
    <dimen name="sp_98">79.2sp</dimen>
    <dimen name="sp_99">80.01sp</dimen>
    <dimen name="sp_100">80.81sp</dimen>
    <dimen name="sp_101">81.62sp</dimen>
    <dimen name="sp_102">82.43sp</dimen>
    <dimen name="sp_103">83.24sp</dimen>
    <dimen name="sp_104">84.05sp</dimen>
    <dimen name="sp_105">84.85sp</dimen>
    <dimen name="sp_106">85.66sp</dimen>
    <dimen name="sp_107">86.47sp</dimen>
    <dimen name="sp_108">87.28sp</dimen>
    <dimen name="sp_109">88.09sp</dimen>
    <dimen name="sp_110">88.9sp</dimen>
    <dimen name="sp_111">89.7sp</dimen>
    <dimen name="sp_112">90.51sp</dimen>
    <dimen name="sp_113">91.32sp</dimen>
    <dimen name="sp_114">92.13sp</dimen>
    <dimen name="sp_115">92.94sp</dimen>
    <dimen name="sp_116">93.74sp</dimen>
    <dimen name="sp_117">94.55sp</dimen>
    <dimen name="sp_118">95.36sp</dimen>
    <dimen name="sp_119">96.17sp</dimen>
    <dimen name="sp_120">96.98sp</dimen>
    <dimen name="sp_121">97.78sp</dimen>
    <dimen name="sp_122">98.59sp</dimen>
    <dimen name="sp_123">99.4sp</dimen>
    <dimen name="sp_124">100.21sp</dimen>
    <dimen name="sp_125">101.02sp</dimen>
    <dimen name="sp_126">101.83sp</dimen>
    <dimen name="sp_127">102.63sp</dimen>
    <dimen name="sp_128">103.44sp</dimen>
    <dimen name="sp_129">104.25sp</dimen>
    <dimen name="sp_130">105.06sp</dimen>
    <dimen name="sp_131">105.87sp</dimen>
    <dimen name="sp_132">106.67sp</dimen>
    <dimen name="sp_133">107.48sp</dimen>
    <dimen name="sp_134">108.29sp</dimen>
    <dimen name="sp_135">109.1sp</dimen>
    <dimen name="sp_136">109.91sp</dimen>
    <dimen name="sp_137">110.72sp</dimen>
    <dimen name="sp_138">111.52sp</dimen>
    <dimen name="sp_139">112.33sp</dimen>
    <dimen name="sp_140">113.14sp</dimen>
    <dimen name="sp_141">113.95sp</dimen>
    <dimen name="sp_142">114.76sp</dimen>
    <dimen name="sp_143">115.56sp</dimen>
    <dimen name="sp_144">116.37sp</dimen>
    <dimen name="sp_145">117.18sp</dimen>
    <dimen name="sp_146">117.99sp</dimen>
    <dimen name="sp_147">118.8sp</dimen>
    <dimen name="sp_148">119.6sp</dimen>
    <dimen name="sp_149">120.41sp</dimen>
    <dimen name="sp_150">121.22sp</dimen>
    <dimen name="sp_151">122.03sp</dimen>
    <dimen name="sp_152">122.84sp</dimen>
    <dimen name="sp_153">123.65sp</dimen>
    <dimen name="sp_154">124.45sp</dimen>
    <dimen name="sp_155">125.26sp</dimen>
    <dimen name="sp_156">126.07sp</dimen>
    <dimen name="sp_157">126.88sp</dimen>
    <dimen name="sp_158">127.69sp</dimen>
    <dimen name="sp_159">128.49sp</dimen>
    <dimen name="sp_160">129.3sp</dimen>
    <dimen name="sp_161">130.11sp</dimen>
    <dimen name="sp_162">130.92sp</dimen>
    <dimen name="sp_163">131.73sp</dimen>
    <dimen name="sp_164">132.53sp</dimen>
    <dimen name="sp_165">133.34sp</dimen>
    <dimen name="sp_166">134.15sp</dimen>
    <dimen name="sp_167">134.96sp</dimen>
    <dimen name="sp_168">135.77sp</dimen>
    <dimen name="sp_169">136.58sp</dimen>
    <dimen name="sp_170">137.38sp</dimen>
    <dimen name="sp_171">138.19sp</dimen>
    <dimen name="sp_172">139sp</dimen>
    <dimen name="sp_173">139.81sp</dimen>
    <dimen name="sp_174">140.62sp</dimen>
    <dimen name="sp_175">141.42sp</dimen>
    <dimen name="sp_176">142.23sp</dimen>
    <dimen name="sp_177">143.04sp</dimen>
    <dimen name="sp_178">143.85sp</dimen>
    <dimen name="sp_179">144.66sp</dimen>
    <dimen name="sp_180">145.47sp</dimen>
    <dimen name="sp_181">146.27sp</dimen>
    <dimen name="sp_182">147.08sp</dimen>
    <dimen name="sp_183">147.89sp</dimen>
    <dimen name="sp_184">148.7sp</dimen>
    <dimen name="sp_185">149.51sp</dimen>
    <dimen name="sp_186">150.31sp</dimen>
    <dimen name="sp_187">151.12sp</dimen>
    <dimen name="sp_188">151.93sp</dimen>
    <dimen name="sp_189">152.74sp</dimen>
    <dimen name="sp_190">153.55sp</dimen>
    <dimen name="sp_191">154.35sp</dimen>
    <dimen name="sp_192">155.16sp</dimen>
    <dimen name="sp_193">155.97sp</dimen>
    <dimen name="sp_194">156.78sp</dimen>
    <dimen name="sp_195">157.59sp</dimen>
    <dimen name="sp_196">158.4sp</dimen>
    <dimen name="sp_197">159.2sp</dimen>
    <dimen name="sp_198">160.01sp</dimen>
    <dimen name="sp_199">160.82sp</dimen>
    <dimen name="sp_200">161.63sp</dimen>
</resources>

