<?xml version="1.0" encoding="utf-8"?>
<!--    车机适配 1024*600  hdpi density=1.5, realDensity=1.875  -->
<resources>
    <!-- 统一屏幕适配dp -->
    <dimen name="dip_0">0dp</dimen>
    <dimen name="dip_1">0.5333dp</dimen>
    <dimen name="dip_2">1.0666dp</dimen>
    <dimen name="dip_3">1.5999dp</dimen>
    <dimen name="dip_4">2.1332dp</dimen>
    <dimen name="dip_5">2.6665dp</dimen>
    <dimen name="dip_6">3.1998dp</dimen>
    <dimen name="dip_7">3.7331dp</dimen>
    <dimen name="dip_8">4.2664dp</dimen>
    <dimen name="dip_9">4.7997dp</dimen>
    <dimen name="dip_10">5.333dp</dimen>
    <dimen name="dip_11">5.8663dp</dimen>
    <dimen name="dip_12">6.3996dp</dimen>
    <dimen name="dip_13">6.9329dp</dimen>
    <dimen name="dip_14">7.4662dp</dimen>
    <dimen name="dip_15">7.9995dp</dimen>
    <dimen name="dip_16">8.5328dp</dimen>
    <dimen name="dip_17">9.0661dp</dimen>
    <dimen name="dip_18">9.5994dp</dimen>
    <dimen name="dip_19">10.1327dp</dimen>
    <dimen name="dip_20">10.666dp</dimen>
    <dimen name="dip_21">11.1993dp</dimen>
    <dimen name="dip_22">11.7326dp</dimen>
    <dimen name="dip_23">12.2659dp</dimen>
    <dimen name="dip_24">12.7992dp</dimen>
    <dimen name="dip_25">13.3325dp</dimen>
    <dimen name="dip_26">13.8658dp</dimen>
    <dimen name="dip_27">14.3991dp</dimen>
    <dimen name="dip_28">14.9324dp</dimen>
    <dimen name="dip_29">15.4657dp</dimen>
    <dimen name="dip_30">15.999dp</dimen>
    <dimen name="dip_31">16.5323dp</dimen>
    <dimen name="dip_32">17.0656dp</dimen>
    <dimen name="dip_33">17.5989dp</dimen>
    <dimen name="dip_34">18.1322dp</dimen>
    <dimen name="dip_35">18.6655dp</dimen>
    <dimen name="dip_36">19.1988dp</dimen>
    <dimen name="dip_37">19.7321dp</dimen>
    <dimen name="dip_38">20.2654dp</dimen>
    <dimen name="dip_39">20.7987dp</dimen>
    <dimen name="dip_40">21.332dp</dimen>
    <dimen name="dip_41">21.8653dp</dimen>
    <dimen name="dip_42">22.3986dp</dimen>
    <dimen name="dip_43">22.9319dp</dimen>
    <dimen name="dip_44">23.4652dp</dimen>
    <dimen name="dip_45">23.9985dp</dimen>
    <dimen name="dip_46">24.5318dp</dimen>
    <dimen name="dip_47">25.0651dp</dimen>
    <dimen name="dip_48">25.5984dp</dimen>
    <dimen name="dip_49">26.1317dp</dimen>
    <dimen name="dip_50">26.665dp</dimen>
    <dimen name="dip_51">27.1983dp</dimen>
    <dimen name="dip_52">27.7316dp</dimen>
    <dimen name="dip_53">28.2649dp</dimen>
    <dimen name="dip_54">28.7982dp</dimen>
    <dimen name="dip_55">29.3315dp</dimen>
    <dimen name="dip_56">29.8648dp</dimen>
    <dimen name="dip_57">30.3981dp</dimen>
    <dimen name="dip_58">30.9314dp</dimen>
    <dimen name="dip_59">31.4647dp</dimen>
    <dimen name="dip_60">31.998dp</dimen>
    <dimen name="dip_61">32.5313dp</dimen>
    <dimen name="dip_62">33.0646dp</dimen>
    <dimen name="dip_63">33.5979dp</dimen>
    <dimen name="dip_64">34.1312dp</dimen>
    <dimen name="dip_65">34.6645dp</dimen>
    <dimen name="dip_66">35.1978dp</dimen>
    <dimen name="dip_67">35.7311dp</dimen>
    <dimen name="dip_68">36.2644dp</dimen>
    <dimen name="dip_69">36.7977dp</dimen>
    <dimen name="dip_70">37.331dp</dimen>
    <dimen name="dip_71">37.8643dp</dimen>
    <dimen name="dip_72">38.3976dp</dimen>
    <dimen name="dip_73">38.9309dp</dimen>
    <dimen name="dip_74">39.4642dp</dimen>
    <dimen name="dip_75">39.9975dp</dimen>
    <dimen name="dip_76">40.5308dp</dimen>
    <dimen name="dip_77">41.0641dp</dimen>
    <dimen name="dip_78">41.5974dp</dimen>
    <dimen name="dip_79">42.1307dp</dimen>
    <dimen name="dip_80">42.664dp</dimen>
    <dimen name="dip_81">43.1973dp</dimen>
    <dimen name="dip_82">43.7306dp</dimen>
    <dimen name="dip_83">44.2639dp</dimen>
    <dimen name="dip_84">44.7972dp</dimen>
    <dimen name="dip_85">45.3305dp</dimen>
    <dimen name="dip_86">45.8638dp</dimen>
    <dimen name="dip_87">46.3971dp</dimen>
    <dimen name="dip_88">46.9304dp</dimen>
    <dimen name="dip_89">47.4637dp</dimen>
    <dimen name="dip_90">47.997dp</dimen>
    <dimen name="dip_91">48.5303dp</dimen>
    <dimen name="dip_92">49.0636dp</dimen>
    <dimen name="dip_93">49.5969dp</dimen>
    <dimen name="dip_94">50.1302dp</dimen>
    <dimen name="dip_95">50.6635dp</dimen>
    <dimen name="dip_96">51.1968dp</dimen>
    <dimen name="dip_97">51.7301dp</dimen>
    <dimen name="dip_98">52.2634dp</dimen>
    <dimen name="dip_99">52.7967dp</dimen>
    <dimen name="dip_100">53.33dp</dimen>
    <dimen name="dip_101">53.8633dp</dimen>
    <dimen name="dip_102">54.3966dp</dimen>
    <dimen name="dip_103">54.9299dp</dimen>
    <dimen name="dip_104">55.4632dp</dimen>
    <dimen name="dip_105">55.9965dp</dimen>
    <dimen name="dip_106">56.5298dp</dimen>
    <dimen name="dip_107">57.0631dp</dimen>
    <dimen name="dip_108">57.5964dp</dimen>
    <dimen name="dip_109">58.1297dp</dimen>
    <dimen name="dip_110">58.663dp</dimen>
    <dimen name="dip_111">59.1963dp</dimen>
    <dimen name="dip_112">59.7296dp</dimen>
    <dimen name="dip_113">60.2629dp</dimen>
    <dimen name="dip_114">60.7962dp</dimen>
    <dimen name="dip_115">61.3295dp</dimen>
    <dimen name="dip_116">61.8628dp</dimen>
    <dimen name="dip_117">62.3961dp</dimen>
    <dimen name="dip_118">62.9294dp</dimen>
    <dimen name="dip_119">63.4627dp</dimen>
    <dimen name="dip_120">63.996dp</dimen>
    <dimen name="dip_121">64.5293dp</dimen>
    <dimen name="dip_122">65.0626dp</dimen>
    <dimen name="dip_123">65.5959dp</dimen>
    <dimen name="dip_124">66.1292dp</dimen>
    <dimen name="dip_125">66.6625dp</dimen>
    <dimen name="dip_126">67.1958dp</dimen>
    <dimen name="dip_127">67.7291dp</dimen>
    <dimen name="dip_128">68.2624dp</dimen>
    <dimen name="dip_129">68.7957dp</dimen>
    <dimen name="dip_130">69.329dp</dimen>
    <dimen name="dip_131">69.8623dp</dimen>
    <dimen name="dip_132">70.3956dp</dimen>
    <dimen name="dip_133">70.9289dp</dimen>
    <dimen name="dip_134">71.4622dp</dimen>
    <dimen name="dip_135">71.9955dp</dimen>
    <dimen name="dip_136">72.5288dp</dimen>
    <dimen name="dip_137">73.0621dp</dimen>
    <dimen name="dip_138">73.5954dp</dimen>
    <dimen name="dip_139">74.1287dp</dimen>
    <dimen name="dip_140">74.662dp</dimen>
    <dimen name="dip_141">75.1953dp</dimen>
    <dimen name="dip_142">75.7286dp</dimen>
    <dimen name="dip_143">76.2619dp</dimen>
    <dimen name="dip_144">76.7952dp</dimen>
    <dimen name="dip_145">77.3285dp</dimen>
    <dimen name="dip_146">77.8618dp</dimen>
    <dimen name="dip_147">78.3951dp</dimen>
    <dimen name="dip_148">78.9284dp</dimen>
    <dimen name="dip_149">79.4617dp</dimen>
    <dimen name="dip_150">79.995dp</dimen>
    <dimen name="dip_151">80.5283dp</dimen>
    <dimen name="dip_152">81.0616dp</dimen>
    <dimen name="dip_153">81.5949dp</dimen>
    <dimen name="dip_154">82.1282dp</dimen>
    <dimen name="dip_155">82.6615dp</dimen>
    <dimen name="dip_156">83.1948dp</dimen>
    <dimen name="dip_157">83.7281dp</dimen>
    <dimen name="dip_158">84.2614dp</dimen>
    <dimen name="dip_159">84.7947dp</dimen>
    <dimen name="dip_160">85.328dp</dimen>
    <dimen name="dip_161">85.8613dp</dimen>
    <dimen name="dip_162">86.3946dp</dimen>
    <dimen name="dip_163">86.9279dp</dimen>
    <dimen name="dip_164">87.4612dp</dimen>
    <dimen name="dip_165">87.9945dp</dimen>
    <dimen name="dip_166">88.5278dp</dimen>
    <dimen name="dip_167">89.0611dp</dimen>
    <dimen name="dip_168">89.5944dp</dimen>
    <dimen name="dip_169">90.1277dp</dimen>
    <dimen name="dip_170">90.661dp</dimen>
    <dimen name="dip_171">91.1943dp</dimen>
    <dimen name="dip_172">91.7276dp</dimen>
    <dimen name="dip_173">92.2609dp</dimen>
    <dimen name="dip_174">92.7942dp</dimen>
    <dimen name="dip_175">93.3275dp</dimen>
    <dimen name="dip_176">93.8608dp</dimen>
    <dimen name="dip_177">94.3941dp</dimen>
    <dimen name="dip_178">94.9274dp</dimen>
    <dimen name="dip_179">95.4607dp</dimen>
    <dimen name="dip_180">95.994dp</dimen>
    <dimen name="dip_181">96.5273dp</dimen>
    <dimen name="dip_182">97.0606dp</dimen>
    <dimen name="dip_183">97.5939dp</dimen>
    <dimen name="dip_184">98.1272dp</dimen>
    <dimen name="dip_185">98.6605dp</dimen>
    <dimen name="dip_186">99.1938dp</dimen>
    <dimen name="dip_187">99.7271dp</dimen>
    <dimen name="dip_188">100.2604dp</dimen>
    <dimen name="dip_189">100.7937dp</dimen>
    <dimen name="dip_190">101.327dp</dimen>
    <dimen name="dip_191">101.8603dp</dimen>
    <dimen name="dip_192">102.3936dp</dimen>
    <dimen name="dip_193">102.9269dp</dimen>
    <dimen name="dip_194">103.4602dp</dimen>
    <dimen name="dip_195">103.9935dp</dimen>
    <dimen name="dip_196">104.5268dp</dimen>
    <dimen name="dip_197">105.0601dp</dimen>
    <dimen name="dip_198">105.5934dp</dimen>
    <dimen name="dip_199">106.1267dp</dimen>
    <dimen name="dip_200">106.66dp</dimen>
    <dimen name="dip_201">107.1933dp</dimen>
    <dimen name="dip_202">107.7266dp</dimen>
    <dimen name="dip_203">108.2599dp</dimen>
    <dimen name="dip_204">108.7932dp</dimen>
    <dimen name="dip_205">109.3265dp</dimen>
    <dimen name="dip_206">109.8598dp</dimen>
    <dimen name="dip_207">110.3931dp</dimen>
    <dimen name="dip_208">110.9264dp</dimen>
    <dimen name="dip_209">111.4597dp</dimen>
    <dimen name="dip_210">111.993dp</dimen>
    <dimen name="dip_211">112.5263dp</dimen>
    <dimen name="dip_212">113.0596dp</dimen>
    <dimen name="dip_213">113.5929dp</dimen>
    <dimen name="dip_214">114.1262dp</dimen>
    <dimen name="dip_215">114.6595dp</dimen>
    <dimen name="dip_216">115.1928dp</dimen>
    <dimen name="dip_217">115.7261dp</dimen>
    <dimen name="dip_218">116.2594dp</dimen>
    <dimen name="dip_219">116.7927dp</dimen>
    <dimen name="dip_220">117.326dp</dimen>
    <dimen name="dip_221">117.8593dp</dimen>
    <dimen name="dip_222">118.3926dp</dimen>
    <dimen name="dip_223">118.9259dp</dimen>
    <dimen name="dip_224">119.4592dp</dimen>
    <dimen name="dip_225">119.9925dp</dimen>
    <dimen name="dip_226">120.5258dp</dimen>
    <dimen name="dip_227">121.0591dp</dimen>
    <dimen name="dip_228">121.5924dp</dimen>
    <dimen name="dip_229">122.1257dp</dimen>
    <dimen name="dip_230">122.659dp</dimen>
    <dimen name="dip_231">123.1923dp</dimen>
    <dimen name="dip_232">123.7256dp</dimen>
    <dimen name="dip_233">124.2589dp</dimen>
    <dimen name="dip_234">124.7922dp</dimen>
    <dimen name="dip_235">125.3255dp</dimen>
    <dimen name="dip_236">125.8588dp</dimen>
    <dimen name="dip_237">126.3921dp</dimen>
    <dimen name="dip_238">126.9254dp</dimen>
    <dimen name="dip_239">127.4587dp</dimen>
    <dimen name="dip_240">127.992dp</dimen>
    <dimen name="dip_241">128.5253dp</dimen>
    <dimen name="dip_242">129.0586dp</dimen>
    <dimen name="dip_243">129.5919dp</dimen>
    <dimen name="dip_244">130.1252dp</dimen>
    <dimen name="dip_245">130.6585dp</dimen>
    <dimen name="dip_246">131.1918dp</dimen>
    <dimen name="dip_247">131.7251dp</dimen>
    <dimen name="dip_248">132.2584dp</dimen>
    <dimen name="dip_249">132.7917dp</dimen>
    <dimen name="dip_250">133.325dp</dimen>
    <dimen name="dip_251">133.8583dp</dimen>
    <dimen name="dip_252">134.3916dp</dimen>
    <dimen name="dip_253">134.9249dp</dimen>
    <dimen name="dip_254">135.4582dp</dimen>
    <dimen name="dip_255">135.9915dp</dimen>
    <dimen name="dip_256">136.5248dp</dimen>
    <dimen name="dip_257">137.0581dp</dimen>
    <dimen name="dip_258">137.5914dp</dimen>
    <dimen name="dip_259">138.1247dp</dimen>
    <dimen name="dip_260">138.658dp</dimen>
    <dimen name="dip_261">139.1913dp</dimen>
    <dimen name="dip_262">139.7246dp</dimen>
    <dimen name="dip_263">140.2579dp</dimen>
    <dimen name="dip_264">140.7912dp</dimen>
    <dimen name="dip_265">141.3245dp</dimen>
    <dimen name="dip_266">141.8578dp</dimen>
    <dimen name="dip_267">142.3911dp</dimen>
    <dimen name="dip_268">142.9244dp</dimen>
    <dimen name="dip_269">143.4577dp</dimen>
    <dimen name="dip_270">143.991dp</dimen>
    <dimen name="dip_271">144.5243dp</dimen>
    <dimen name="dip_272">145.0576dp</dimen>
    <dimen name="dip_273">145.5909dp</dimen>
    <dimen name="dip_274">146.1242dp</dimen>
    <dimen name="dip_275">146.6575dp</dimen>
    <dimen name="dip_276">147.1908dp</dimen>
    <dimen name="dip_277">147.7241dp</dimen>
    <dimen name="dip_278">148.2574dp</dimen>
    <dimen name="dip_279">148.7907dp</dimen>
    <dimen name="dip_280">149.324dp</dimen>
    <dimen name="dip_281">149.8573dp</dimen>
    <dimen name="dip_282">150.3906dp</dimen>
    <dimen name="dip_283">150.9239dp</dimen>
    <dimen name="dip_284">151.4572dp</dimen>
    <dimen name="dip_285">151.9905dp</dimen>
    <dimen name="dip_286">152.5238dp</dimen>
    <dimen name="dip_287">153.0571dp</dimen>
    <dimen name="dip_288">153.5904dp</dimen>
    <dimen name="dip_289">154.1237dp</dimen>
    <dimen name="dip_290">154.657dp</dimen>
    <dimen name="dip_291">155.1903dp</dimen>
    <dimen name="dip_292">155.7236dp</dimen>
    <dimen name="dip_293">156.2569dp</dimen>
    <dimen name="dip_294">156.7902dp</dimen>
    <dimen name="dip_295">157.3235dp</dimen>
    <dimen name="dip_296">157.8568dp</dimen>
    <dimen name="dip_297">158.3901dp</dimen>
    <dimen name="dip_298">158.9234dp</dimen>
    <dimen name="dip_299">159.4567dp</dimen>
    <dimen name="dip_300">159.99dp</dimen>
    <dimen name="dip_301">160.5233dp</dimen>
    <dimen name="dip_302">161.0566dp</dimen>
    <dimen name="dip_303">161.5899dp</dimen>
    <dimen name="dip_304">162.1232dp</dimen>
    <dimen name="dip_305">162.6565dp</dimen>
    <dimen name="dip_306">163.1898dp</dimen>
    <dimen name="dip_307">163.7231dp</dimen>
    <dimen name="dip_308">164.2564dp</dimen>
    <dimen name="dip_309">164.7897dp</dimen>
    <dimen name="dip_310">165.323dp</dimen>
    <dimen name="dip_311">165.8563dp</dimen>
    <dimen name="dip_312">166.3896dp</dimen>
    <dimen name="dip_313">166.9229dp</dimen>
    <dimen name="dip_314">167.4562dp</dimen>
    <dimen name="dip_315">167.9895dp</dimen>
    <dimen name="dip_316">168.5228dp</dimen>
    <dimen name="dip_317">169.0561dp</dimen>
    <dimen name="dip_318">169.5894dp</dimen>
    <dimen name="dip_319">170.1227dp</dimen>
    <dimen name="dip_320">170.656dp</dimen>
    <dimen name="dip_321">171.1893dp</dimen>
    <dimen name="dip_322">171.7226dp</dimen>
    <dimen name="dip_323">172.2559dp</dimen>
    <dimen name="dip_324">172.7892dp</dimen>
    <dimen name="dip_325">173.3225dp</dimen>
    <dimen name="dip_326">173.8558dp</dimen>
    <dimen name="dip_327">174.3891dp</dimen>
    <dimen name="dip_328">174.9224dp</dimen>
    <dimen name="dip_329">175.4557dp</dimen>
    <dimen name="dip_330">175.989dp</dimen>
    <dimen name="dip_331">176.5223dp</dimen>
    <dimen name="dip_332">177.0556dp</dimen>
    <dimen name="dip_333">177.5889dp</dimen>
    <dimen name="dip_334">178.1222dp</dimen>
    <dimen name="dip_335">178.6555dp</dimen>
    <dimen name="dip_336">179.1888dp</dimen>
    <dimen name="dip_337">179.7221dp</dimen>
    <dimen name="dip_338">180.2554dp</dimen>
    <dimen name="dip_339">180.7887dp</dimen>
    <dimen name="dip_340">181.322dp</dimen>
    <dimen name="dip_341">181.8553dp</dimen>
    <dimen name="dip_342">182.3886dp</dimen>
    <dimen name="dip_343">182.9219dp</dimen>
    <dimen name="dip_344">183.4552dp</dimen>
    <dimen name="dip_345">183.9885dp</dimen>
    <dimen name="dip_346">184.5218dp</dimen>
    <dimen name="dip_347">185.0551dp</dimen>
    <dimen name="dip_348">185.5884dp</dimen>
    <dimen name="dip_349">186.1217dp</dimen>
    <dimen name="dip_350">186.655dp</dimen>
    <dimen name="dip_351">187.1883dp</dimen>
    <dimen name="dip_352">187.7216dp</dimen>
    <dimen name="dip_353">188.2549dp</dimen>
    <dimen name="dip_354">188.7882dp</dimen>
    <dimen name="dip_355">189.3215dp</dimen>
    <dimen name="dip_356">189.8548dp</dimen>
    <dimen name="dip_357">190.3881dp</dimen>
    <dimen name="dip_358">190.9214dp</dimen>
    <dimen name="dip_359">191.4547dp</dimen>
    <dimen name="dip_360">191.988dp</dimen>
    <dimen name="dip_361">192.5213dp</dimen>
    <dimen name="dip_362">193.0546dp</dimen>
    <dimen name="dip_363">193.5879dp</dimen>
    <dimen name="dip_364">194.1212dp</dimen>
    <dimen name="dip_365">194.6545dp</dimen>
    <dimen name="dip_366">195.1878dp</dimen>
    <dimen name="dip_367">195.7211dp</dimen>
    <dimen name="dip_368">196.2544dp</dimen>
    <dimen name="dip_369">196.7877dp</dimen>
    <dimen name="dip_370">197.321dp</dimen>
    <dimen name="dip_371">197.8543dp</dimen>
    <dimen name="dip_372">198.3876dp</dimen>
    <dimen name="dip_373">198.9209dp</dimen>
    <dimen name="dip_374">199.4542dp</dimen>
    <dimen name="dip_375">199.9875dp</dimen>
    <dimen name="dip_376">200.5208dp</dimen>
    <dimen name="dip_377">201.0541dp</dimen>
    <dimen name="dip_378">201.5874dp</dimen>
    <dimen name="dip_379">202.1207dp</dimen>
    <dimen name="dip_380">202.654dp</dimen>
    <dimen name="dip_381">203.1873dp</dimen>
    <dimen name="dip_382">203.7206dp</dimen>
    <dimen name="dip_383">204.2539dp</dimen>
    <dimen name="dip_384">204.7872dp</dimen>
    <dimen name="dip_385">205.3205dp</dimen>
    <dimen name="dip_386">205.8538dp</dimen>
    <dimen name="dip_387">206.3871dp</dimen>
    <dimen name="dip_388">206.9204dp</dimen>
    <dimen name="dip_389">207.4537dp</dimen>
    <dimen name="dip_390">207.987dp</dimen>
    <dimen name="dip_391">208.5203dp</dimen>
    <dimen name="dip_392">209.0536dp</dimen>
    <dimen name="dip_393">209.5869dp</dimen>
    <dimen name="dip_394">210.1202dp</dimen>
    <dimen name="dip_395">210.6535dp</dimen>
    <dimen name="dip_396">211.1868dp</dimen>
    <dimen name="dip_397">211.7201dp</dimen>
    <dimen name="dip_398">212.2534dp</dimen>
    <dimen name="dip_399">212.7867dp</dimen>
    <dimen name="dip_400">213.32dp</dimen>
    <dimen name="dip_401">213.8533dp</dimen>
    <dimen name="dip_402">214.3866dp</dimen>
    <dimen name="dip_403">214.9199dp</dimen>
    <dimen name="dip_404">215.4532dp</dimen>
    <dimen name="dip_405">215.9865dp</dimen>
    <dimen name="dip_406">216.5198dp</dimen>
    <dimen name="dip_407">217.0531dp</dimen>
    <dimen name="dip_408">217.5864dp</dimen>
    <dimen name="dip_409">218.1197dp</dimen>
    <dimen name="dip_410">218.653dp</dimen>
    <dimen name="dip_411">219.1863dp</dimen>
    <dimen name="dip_412">219.7196dp</dimen>
    <dimen name="dip_413">220.2529dp</dimen>
    <dimen name="dip_414">220.7862dp</dimen>
    <dimen name="dip_415">221.3195dp</dimen>
    <dimen name="dip_416">221.8528dp</dimen>
    <dimen name="dip_417">222.3861dp</dimen>
    <dimen name="dip_418">222.9194dp</dimen>
    <dimen name="dip_419">223.4527dp</dimen>
    <dimen name="dip_420">223.986dp</dimen>
    <dimen name="dip_421">224.5193dp</dimen>
    <dimen name="dip_422">225.0526dp</dimen>
    <dimen name="dip_423">225.5859dp</dimen>
    <dimen name="dip_424">226.1192dp</dimen>
    <dimen name="dip_425">226.6525dp</dimen>
    <dimen name="dip_426">227.1858dp</dimen>
    <dimen name="dip_427">227.7191dp</dimen>
    <dimen name="dip_428">228.2524dp</dimen>
    <dimen name="dip_429">228.7857dp</dimen>
    <dimen name="dip_430">229.319dp</dimen>
    <dimen name="dip_431">229.8523dp</dimen>
    <dimen name="dip_432">230.3856dp</dimen>
    <dimen name="dip_433">230.9189dp</dimen>
    <dimen name="dip_434">231.4522dp</dimen>
    <dimen name="dip_435">231.9855dp</dimen>
    <dimen name="dip_436">232.5188dp</dimen>
    <dimen name="dip_437">233.0521dp</dimen>
    <dimen name="dip_438">233.5854dp</dimen>
    <dimen name="dip_439">234.1187dp</dimen>
    <dimen name="dip_440">234.652dp</dimen>
    <dimen name="dip_441">235.1853dp</dimen>
    <dimen name="dip_442">235.7186dp</dimen>
    <dimen name="dip_443">236.2519dp</dimen>
    <dimen name="dip_444">236.7852dp</dimen>
    <dimen name="dip_445">237.3185dp</dimen>
    <dimen name="dip_446">237.8518dp</dimen>
    <dimen name="dip_447">238.3851dp</dimen>
    <dimen name="dip_448">238.9184dp</dimen>
    <dimen name="dip_449">239.4517dp</dimen>
    <dimen name="dip_450">239.985dp</dimen>
    <dimen name="dip_451">240.5183dp</dimen>
    <dimen name="dip_452">241.0516dp</dimen>
    <dimen name="dip_453">241.5849dp</dimen>
    <dimen name="dip_454">242.1182dp</dimen>
    <dimen name="dip_455">242.6515dp</dimen>
    <dimen name="dip_456">243.1848dp</dimen>
    <dimen name="dip_457">243.7181dp</dimen>
    <dimen name="dip_458">244.2514dp</dimen>
    <dimen name="dip_459">244.7847dp</dimen>
    <dimen name="dip_460">245.318dp</dimen>
    <dimen name="dip_461">245.8513dp</dimen>
    <dimen name="dip_462">246.3846dp</dimen>
    <dimen name="dip_463">246.9179dp</dimen>
    <dimen name="dip_464">247.4512dp</dimen>
    <dimen name="dip_465">247.9845dp</dimen>
    <dimen name="dip_466">248.5178dp</dimen>
    <dimen name="dip_467">249.0511dp</dimen>
    <dimen name="dip_468">249.5844dp</dimen>
    <dimen name="dip_469">250.1177dp</dimen>
    <dimen name="dip_470">250.651dp</dimen>
    <dimen name="dip_471">251.1843dp</dimen>
    <dimen name="dip_472">251.7176dp</dimen>
    <dimen name="dip_473">252.2509dp</dimen>
    <dimen name="dip_474">252.7842dp</dimen>
    <dimen name="dip_475">253.3175dp</dimen>
    <dimen name="dip_476">253.8508dp</dimen>
    <dimen name="dip_477">254.3841dp</dimen>
    <dimen name="dip_478">254.9174dp</dimen>
    <dimen name="dip_479">255.4507dp</dimen>
    <dimen name="dip_480">255.984dp</dimen>
    <dimen name="dip_481">256.5173dp</dimen>
    <dimen name="dip_482">257.0506dp</dimen>
    <dimen name="dip_483">257.5839dp</dimen>
    <dimen name="dip_484">258.1172dp</dimen>
    <dimen name="dip_485">258.6505dp</dimen>
    <dimen name="dip_486">259.1838dp</dimen>
    <dimen name="dip_487">259.7171dp</dimen>
    <dimen name="dip_488">260.2504dp</dimen>
    <dimen name="dip_489">260.7837dp</dimen>
    <dimen name="dip_490">261.317dp</dimen>
    <dimen name="dip_491">261.8503dp</dimen>
    <dimen name="dip_492">262.3836dp</dimen>
    <dimen name="dip_493">262.9169dp</dimen>
    <dimen name="dip_494">263.4502dp</dimen>
    <dimen name="dip_495">263.9835dp</dimen>
    <dimen name="dip_496">264.5168dp</dimen>
    <dimen name="dip_497">265.0501dp</dimen>
    <dimen name="dip_498">265.5834dp</dimen>
    <dimen name="dip_499">266.1167dp</dimen>
    <dimen name="dip_500">266.65dp</dimen>
    <dimen name="dip_501">267.1833dp</dimen>
    <dimen name="dip_502">267.7166dp</dimen>
    <dimen name="dip_503">268.2499dp</dimen>
    <dimen name="dip_504">268.7832dp</dimen>
    <dimen name="dip_505">269.3165dp</dimen>
    <dimen name="dip_506">269.8498dp</dimen>
    <dimen name="dip_507">270.3831dp</dimen>
    <dimen name="dip_508">270.9164dp</dimen>
    <dimen name="dip_509">271.4497dp</dimen>
    <dimen name="dip_510">271.983dp</dimen>
    <dimen name="dip_511">272.5163dp</dimen>
    <dimen name="dip_512">273.0496dp</dimen>
    <dimen name="dip_513">273.5829dp</dimen>
    <dimen name="dip_514">274.1162dp</dimen>
    <dimen name="dip_515">274.6495dp</dimen>
    <dimen name="dip_516">275.1828dp</dimen>
    <dimen name="dip_517">275.7161dp</dimen>
    <dimen name="dip_518">276.2494dp</dimen>
    <dimen name="dip_519">276.7827dp</dimen>
    <dimen name="dip_520">277.316dp</dimen>
    <dimen name="dip_521">277.8493dp</dimen>
    <dimen name="dip_522">278.3826dp</dimen>
    <dimen name="dip_523">278.9159dp</dimen>
    <dimen name="dip_524">279.4492dp</dimen>
    <dimen name="dip_525">279.9825dp</dimen>
    <dimen name="dip_526">280.5158dp</dimen>
    <dimen name="dip_527">281.0491dp</dimen>
    <dimen name="dip_528">281.5824dp</dimen>
    <dimen name="dip_529">282.1157dp</dimen>
    <dimen name="dip_530">282.649dp</dimen>
    <dimen name="dip_531">283.1823dp</dimen>
    <dimen name="dip_532">283.7156dp</dimen>
    <dimen name="dip_533">284.2489dp</dimen>
    <dimen name="dip_534">284.7822dp</dimen>
    <dimen name="dip_535">285.3155dp</dimen>
    <dimen name="dip_536">285.8488dp</dimen>
    <dimen name="dip_537">286.3821dp</dimen>
    <dimen name="dip_538">286.9154dp</dimen>
    <dimen name="dip_539">287.4487dp</dimen>
    <dimen name="dip_540">287.982dp</dimen>
    <dimen name="dip_541">288.5153dp</dimen>
    <dimen name="dip_542">289.0486dp</dimen>
    <dimen name="dip_543">289.5819dp</dimen>
    <dimen name="dip_544">290.1152dp</dimen>
    <dimen name="dip_545">290.6485dp</dimen>
    <dimen name="dip_546">291.1818dp</dimen>
    <dimen name="dip_547">291.7151dp</dimen>
    <dimen name="dip_548">292.2484dp</dimen>
    <dimen name="dip_549">292.7817dp</dimen>
    <dimen name="dip_550">293.315dp</dimen>
    <dimen name="dip_551">293.8483dp</dimen>
    <dimen name="dip_552">294.3816dp</dimen>
    <dimen name="dip_553">294.9149dp</dimen>
    <dimen name="dip_554">295.4482dp</dimen>
    <dimen name="dip_555">295.9815dp</dimen>
    <dimen name="dip_556">296.5148dp</dimen>
    <dimen name="dip_557">297.0481dp</dimen>
    <dimen name="dip_558">297.5814dp</dimen>
    <dimen name="dip_559">298.1147dp</dimen>
    <dimen name="dip_560">298.648dp</dimen>
    <dimen name="dip_561">299.1813dp</dimen>
    <dimen name="dip_562">299.7146dp</dimen>
    <dimen name="dip_563">300.2479dp</dimen>
    <dimen name="dip_564">300.7812dp</dimen>
    <dimen name="dip_565">301.3145dp</dimen>
    <dimen name="dip_566">301.8478dp</dimen>
    <dimen name="dip_567">302.3811dp</dimen>
    <dimen name="dip_568">302.9144dp</dimen>
    <dimen name="dip_569">303.4477dp</dimen>
    <dimen name="dip_570">303.981dp</dimen>
    <dimen name="dip_571">304.5143dp</dimen>
    <dimen name="dip_572">305.0476dp</dimen>
    <dimen name="dip_573">305.5809dp</dimen>
    <dimen name="dip_574">306.1142dp</dimen>
    <dimen name="dip_575">306.6475dp</dimen>
    <dimen name="dip_576">307.1808dp</dimen>
    <dimen name="dip_577">307.7141dp</dimen>
    <dimen name="dip_578">308.2474dp</dimen>
    <dimen name="dip_579">308.7807dp</dimen>
    <dimen name="dip_580">309.314dp</dimen>
    <dimen name="dip_581">309.8473dp</dimen>
    <dimen name="dip_582">310.3806dp</dimen>
    <dimen name="dip_583">310.9139dp</dimen>
    <dimen name="dip_584">311.4472dp</dimen>
    <dimen name="dip_585">311.9805dp</dimen>
    <dimen name="dip_586">312.5138dp</dimen>
    <dimen name="dip_587">313.0471dp</dimen>
    <dimen name="dip_588">313.5804dp</dimen>
    <dimen name="dip_589">314.1137dp</dimen>
    <dimen name="dip_590">314.647dp</dimen>
    <dimen name="dip_591">315.1803dp</dimen>
    <dimen name="dip_592">315.7136dp</dimen>
    <dimen name="dip_593">316.2469dp</dimen>
    <dimen name="dip_594">316.7802dp</dimen>
    <dimen name="dip_595">317.3135dp</dimen>
    <dimen name="dip_596">317.8468dp</dimen>
    <dimen name="dip_597">318.3801dp</dimen>
    <dimen name="dip_598">318.9134dp</dimen>
    <dimen name="dip_599">319.4467dp</dimen>
    <dimen name="dip_600">319.98dp</dimen>
    <dimen name="dip_601">320.5133dp</dimen>
    <dimen name="dip_602">321.0466dp</dimen>
    <dimen name="dip_603">321.5799dp</dimen>
    <dimen name="dip_604">322.1132dp</dimen>
    <dimen name="dip_605">322.6465dp</dimen>
    <dimen name="dip_606">323.1798dp</dimen>
    <dimen name="dip_607">323.7131dp</dimen>
    <dimen name="dip_608">324.2464dp</dimen>
    <dimen name="dip_609">324.7797dp</dimen>
    <dimen name="dip_610">325.313dp</dimen>
    <dimen name="dip_611">325.8463dp</dimen>
    <dimen name="dip_612">326.3796dp</dimen>
    <dimen name="dip_613">326.9129dp</dimen>
    <dimen name="dip_614">327.4462dp</dimen>
    <dimen name="dip_615">327.9795dp</dimen>
    <dimen name="dip_616">328.5128dp</dimen>
    <dimen name="dip_617">329.0461dp</dimen>
    <dimen name="dip_618">329.5794dp</dimen>
    <dimen name="dip_619">330.1127dp</dimen>
    <dimen name="dip_620">330.646dp</dimen>
    <dimen name="dip_621">331.1793dp</dimen>
    <dimen name="dip_622">331.7126dp</dimen>
    <dimen name="dip_623">332.2459dp</dimen>
    <dimen name="dip_624">332.7792dp</dimen>
    <dimen name="dip_625">333.3125dp</dimen>
    <dimen name="dip_626">333.8458dp</dimen>
    <dimen name="dip_627">334.3791dp</dimen>
    <dimen name="dip_628">334.9124dp</dimen>
    <dimen name="dip_629">335.4457dp</dimen>
    <dimen name="dip_630">335.979dp</dimen>
    <dimen name="dip_631">336.5123dp</dimen>
    <dimen name="dip_632">337.0456dp</dimen>
    <dimen name="dip_633">337.5789dp</dimen>
    <dimen name="dip_634">338.1122dp</dimen>
    <dimen name="dip_635">338.6455dp</dimen>
    <dimen name="dip_636">339.1788dp</dimen>
    <dimen name="dip_637">339.7121dp</dimen>
    <dimen name="dip_638">340.2454dp</dimen>
    <dimen name="dip_639">340.7787dp</dimen>
    <dimen name="dip_640">341.312dp</dimen>
    <dimen name="dip_641">341.8453dp</dimen>
    <dimen name="dip_642">342.3786dp</dimen>
    <dimen name="dip_643">342.9119dp</dimen>
    <dimen name="dip_644">343.4452dp</dimen>
    <dimen name="dip_645">343.9785dp</dimen>
    <dimen name="dip_646">344.5118dp</dimen>
    <dimen name="dip_647">345.0451dp</dimen>
    <dimen name="dip_648">345.5784dp</dimen>
    <dimen name="dip_649">346.1117dp</dimen>
    <dimen name="dip_650">346.645dp</dimen>
    <dimen name="dip_651">347.1783dp</dimen>
    <dimen name="dip_652">347.7116dp</dimen>
    <dimen name="dip_653">348.2449dp</dimen>
    <dimen name="dip_654">348.7782dp</dimen>
    <dimen name="dip_655">349.3115dp</dimen>
    <dimen name="dip_656">349.8448dp</dimen>
    <dimen name="dip_657">350.3781dp</dimen>
    <dimen name="dip_658">350.9114dp</dimen>
    <dimen name="dip_659">351.4447dp</dimen>
    <dimen name="dip_660">351.978dp</dimen>
    <dimen name="dip_661">352.5113dp</dimen>
    <dimen name="dip_662">353.0446dp</dimen>
    <dimen name="dip_663">353.5779dp</dimen>
    <dimen name="dip_664">354.1112dp</dimen>
    <dimen name="dip_665">354.6445dp</dimen>
    <dimen name="dip_666">355.1778dp</dimen>
    <dimen name="dip_667">355.7111dp</dimen>
    <dimen name="dip_668">356.2444dp</dimen>
    <dimen name="dip_669">356.7777dp</dimen>
    <dimen name="dip_670">357.311dp</dimen>
    <dimen name="dip_671">357.8443dp</dimen>
    <dimen name="dip_672">358.3776dp</dimen>
    <dimen name="dip_673">358.9109dp</dimen>
    <dimen name="dip_674">359.4442dp</dimen>
    <dimen name="dip_675">359.9775dp</dimen>
    <dimen name="dip_676">360.5108dp</dimen>
    <dimen name="dip_677">361.0441dp</dimen>
    <dimen name="dip_678">361.5774dp</dimen>
    <dimen name="dip_679">362.1107dp</dimen>
    <dimen name="dip_680">362.644dp</dimen>
    <dimen name="dip_681">363.1773dp</dimen>
    <dimen name="dip_682">363.7106dp</dimen>
    <dimen name="dip_683">364.2439dp</dimen>
    <dimen name="dip_684">364.7772dp</dimen>
    <dimen name="dip_685">365.3105dp</dimen>
    <dimen name="dip_686">365.8438dp</dimen>
    <dimen name="dip_687">366.3771dp</dimen>
    <dimen name="dip_688">366.9104dp</dimen>
    <dimen name="dip_689">367.4437dp</dimen>
    <dimen name="dip_690">367.977dp</dimen>
    <dimen name="dip_691">368.5103dp</dimen>
    <dimen name="dip_692">369.0436dp</dimen>
    <dimen name="dip_693">369.5769dp</dimen>
    <dimen name="dip_694">370.1102dp</dimen>
    <dimen name="dip_695">370.6435dp</dimen>
    <dimen name="dip_696">371.1768dp</dimen>
    <dimen name="dip_697">371.7101dp</dimen>
    <dimen name="dip_698">372.2434dp</dimen>
    <dimen name="dip_699">372.7767dp</dimen>
    <dimen name="dip_700">373.31dp</dimen>
    <dimen name="dip_701">373.8433dp</dimen>
    <dimen name="dip_702">374.3766dp</dimen>
    <dimen name="dip_703">374.9099dp</dimen>
    <dimen name="dip_704">375.4432dp</dimen>
    <dimen name="dip_705">375.9765dp</dimen>
    <dimen name="dip_706">376.5098dp</dimen>
    <dimen name="dip_707">377.0431dp</dimen>
    <dimen name="dip_708">377.5764dp</dimen>
    <dimen name="dip_709">378.1097dp</dimen>
    <dimen name="dip_710">378.643dp</dimen>
    <dimen name="dip_711">379.1763dp</dimen>
    <dimen name="dip_712">379.7096dp</dimen>
    <dimen name="dip_713">380.2429dp</dimen>
    <dimen name="dip_714">380.7762dp</dimen>
    <dimen name="dip_715">381.3095dp</dimen>
    <dimen name="dip_716">381.8428dp</dimen>
    <dimen name="dip_717">382.3761dp</dimen>
    <dimen name="dip_718">382.9094dp</dimen>
    <dimen name="dip_719">383.4427dp</dimen>
    <dimen name="dip_720">383.976dp</dimen>
    <dimen name="dip_721">384.5093dp</dimen>
    <dimen name="dip_722">385.0426dp</dimen>
    <dimen name="dip_723">385.5759dp</dimen>
    <dimen name="dip_724">386.1092dp</dimen>
    <dimen name="dip_725">386.6425dp</dimen>
    <dimen name="dip_726">387.1758dp</dimen>
    <dimen name="dip_727">387.7091dp</dimen>
    <dimen name="dip_728">388.2424dp</dimen>
    <dimen name="dip_729">388.7757dp</dimen>
    <dimen name="dip_730">389.309dp</dimen>
    <dimen name="dip_731">389.8423dp</dimen>
    <dimen name="dip_732">390.3756dp</dimen>
    <dimen name="dip_733">390.9089dp</dimen>
    <dimen name="dip_734">391.4422dp</dimen>
    <dimen name="dip_735">391.9755dp</dimen>
    <dimen name="dip_736">392.5088dp</dimen>
    <dimen name="dip_737">393.0421dp</dimen>
    <dimen name="dip_738">393.5754dp</dimen>
    <dimen name="dip_739">394.1087dp</dimen>
    <dimen name="dip_740">394.642dp</dimen>
    <dimen name="dip_741">395.1753dp</dimen>
    <dimen name="dip_742">395.7086dp</dimen>
    <dimen name="dip_743">396.2419dp</dimen>
    <dimen name="dip_744">396.7752dp</dimen>
    <dimen name="dip_745">397.3085dp</dimen>
    <dimen name="dip_746">397.8418dp</dimen>
    <dimen name="dip_747">398.3751dp</dimen>
    <dimen name="dip_748">398.9084dp</dimen>
    <dimen name="dip_749">399.4417dp</dimen>
    <dimen name="dip_750">399.975dp</dimen>
    <dimen name="dip_751">400.5083dp</dimen>
    <dimen name="dip_752">401.0416dp</dimen>
    <dimen name="dip_753">401.5749dp</dimen>
    <dimen name="dip_754">402.1082dp</dimen>
    <dimen name="dip_755">402.6415dp</dimen>
    <dimen name="dip_756">403.1748dp</dimen>
    <dimen name="dip_757">403.7081dp</dimen>
    <dimen name="dip_758">404.2414dp</dimen>
    <dimen name="dip_759">404.7747dp</dimen>
    <dimen name="dip_760">405.308dp</dimen>
    <dimen name="dip_761">405.8413dp</dimen>
    <dimen name="dip_762">406.3746dp</dimen>
    <dimen name="dip_763">406.9079dp</dimen>
    <dimen name="dip_764">407.4412dp</dimen>
    <dimen name="dip_765">407.9745dp</dimen>
    <dimen name="dip_766">408.5078dp</dimen>
    <dimen name="dip_767">409.0411dp</dimen>
    <dimen name="dip_768">409.5744dp</dimen>
    <dimen name="dip_769">410.1077dp</dimen>
    <dimen name="dip_770">410.641dp</dimen>
    <dimen name="dip_771">411.1743dp</dimen>
    <dimen name="dip_772">411.7076dp</dimen>
    <dimen name="dip_773">412.2409dp</dimen>
    <dimen name="dip_774">412.7742dp</dimen>
    <dimen name="dip_775">413.3075dp</dimen>
    <dimen name="dip_776">413.8408dp</dimen>
    <dimen name="dip_777">414.3741dp</dimen>
    <dimen name="dip_778">414.9074dp</dimen>
    <dimen name="dip_779">415.4407dp</dimen>
    <dimen name="dip_780">415.974dp</dimen>
    <dimen name="dip_781">416.5073dp</dimen>
    <dimen name="dip_782">417.0406dp</dimen>
    <dimen name="dip_783">417.5739dp</dimen>
    <dimen name="dip_784">418.1072dp</dimen>
    <dimen name="dip_785">418.6405dp</dimen>
    <dimen name="dip_786">419.1738dp</dimen>
    <dimen name="dip_787">419.7071dp</dimen>
    <dimen name="dip_788">420.2404dp</dimen>
    <dimen name="dip_789">420.7737dp</dimen>
    <dimen name="dip_790">421.307dp</dimen>
    <dimen name="dip_791">421.8403dp</dimen>
    <dimen name="dip_792">422.3736dp</dimen>
    <dimen name="dip_793">422.9069dp</dimen>
    <dimen name="dip_794">423.4402dp</dimen>
    <dimen name="dip_795">423.9735dp</dimen>
    <dimen name="dip_796">424.5068dp</dimen>
    <dimen name="dip_797">425.0401dp</dimen>
    <dimen name="dip_798">425.5734dp</dimen>
    <dimen name="dip_799">426.1067dp</dimen>
    <dimen name="dip_800">426.64dp</dimen>
    <dimen name="dip_801">427.1733dp</dimen>
    <dimen name="dip_802">427.7066dp</dimen>
    <dimen name="dip_803">428.2399dp</dimen>
    <dimen name="dip_804">428.7732dp</dimen>
    <dimen name="dip_805">429.3065dp</dimen>
    <dimen name="dip_806">429.8398dp</dimen>
    <dimen name="dip_807">430.3731dp</dimen>
    <dimen name="dip_808">430.9064dp</dimen>
    <dimen name="dip_809">431.4397dp</dimen>
    <dimen name="dip_810">431.973dp</dimen>
    <dimen name="dip_811">432.5063dp</dimen>
    <dimen name="dip_812">433.0396dp</dimen>
    <dimen name="dip_813">433.5729dp</dimen>
    <dimen name="dip_814">434.1062dp</dimen>
    <dimen name="dip_815">434.6395dp</dimen>
    <dimen name="dip_816">435.1728dp</dimen>
    <dimen name="dip_817">435.7061dp</dimen>
    <dimen name="dip_818">436.2394dp</dimen>
    <dimen name="dip_819">436.7727dp</dimen>
    <dimen name="dip_820">437.306dp</dimen>
    <dimen name="dip_821">437.8393dp</dimen>
    <dimen name="dip_822">438.3726dp</dimen>
    <dimen name="dip_823">438.9059dp</dimen>
    <dimen name="dip_824">439.4392dp</dimen>
    <dimen name="dip_825">439.9725dp</dimen>
    <dimen name="dip_826">440.5058dp</dimen>
    <dimen name="dip_827">441.0391dp</dimen>
    <dimen name="dip_828">441.5724dp</dimen>
    <dimen name="dip_829">442.1057dp</dimen>
    <dimen name="dip_830">442.639dp</dimen>
    <dimen name="dip_831">443.1723dp</dimen>
    <dimen name="dip_832">443.7056dp</dimen>
    <dimen name="dip_833">444.2389dp</dimen>
    <dimen name="dip_834">444.7722dp</dimen>
    <dimen name="dip_835">445.3055dp</dimen>
    <dimen name="dip_836">445.8388dp</dimen>
    <dimen name="dip_837">446.3721dp</dimen>
    <dimen name="dip_838">446.9054dp</dimen>
    <dimen name="dip_839">447.4387dp</dimen>
    <dimen name="dip_840">447.972dp</dimen>
    <dimen name="dip_841">448.5053dp</dimen>
    <dimen name="dip_842">449.0386dp</dimen>
    <dimen name="dip_843">449.5719dp</dimen>
    <dimen name="dip_844">450.1052dp</dimen>
    <dimen name="dip_845">450.6385dp</dimen>
    <dimen name="dip_846">451.1718dp</dimen>
    <dimen name="dip_847">451.7051dp</dimen>
    <dimen name="dip_848">452.2384dp</dimen>
    <dimen name="dip_849">452.7717dp</dimen>
    <dimen name="dip_850">453.305dp</dimen>
    <dimen name="dip_851">453.8383dp</dimen>
    <dimen name="dip_852">454.3716dp</dimen>
    <dimen name="dip_853">454.9049dp</dimen>
    <dimen name="dip_854">455.4382dp</dimen>
    <dimen name="dip_855">455.9715dp</dimen>
    <dimen name="dip_856">456.5048dp</dimen>
    <dimen name="dip_857">457.0381dp</dimen>
    <dimen name="dip_858">457.5714dp</dimen>
    <dimen name="dip_859">458.1047dp</dimen>
    <dimen name="dip_860">458.638dp</dimen>
    <dimen name="dip_861">459.1713dp</dimen>
    <dimen name="dip_862">459.7046dp</dimen>
    <dimen name="dip_863">460.2379dp</dimen>
    <dimen name="dip_864">460.7712dp</dimen>
    <dimen name="dip_865">461.3045dp</dimen>
    <dimen name="dip_866">461.8378dp</dimen>
    <dimen name="dip_867">462.3711dp</dimen>
    <dimen name="dip_868">462.9044dp</dimen>
    <dimen name="dip_869">463.4377dp</dimen>
    <dimen name="dip_870">463.971dp</dimen>
    <dimen name="dip_871">464.5043dp</dimen>
    <dimen name="dip_872">465.0376dp</dimen>
    <dimen name="dip_873">465.5709dp</dimen>
    <dimen name="dip_874">466.1042dp</dimen>
    <dimen name="dip_875">466.6375dp</dimen>
    <dimen name="dip_876">467.1708dp</dimen>
    <dimen name="dip_877">467.7041dp</dimen>
    <dimen name="dip_878">468.2374dp</dimen>
    <dimen name="dip_879">468.7707dp</dimen>
    <dimen name="dip_880">469.304dp</dimen>
    <dimen name="dip_881">469.8373dp</dimen>
    <dimen name="dip_882">470.3706dp</dimen>
    <dimen name="dip_883">470.9039dp</dimen>
    <dimen name="dip_884">471.4372dp</dimen>
    <dimen name="dip_885">471.9705dp</dimen>
    <dimen name="dip_886">472.5038dp</dimen>
    <dimen name="dip_887">473.0371dp</dimen>
    <dimen name="dip_888">473.5704dp</dimen>
    <dimen name="dip_889">474.1037dp</dimen>
    <dimen name="dip_890">474.637dp</dimen>
    <dimen name="dip_891">475.1703dp</dimen>
    <dimen name="dip_892">475.7036dp</dimen>
    <dimen name="dip_893">476.2369dp</dimen>
    <dimen name="dip_894">476.7702dp</dimen>
    <dimen name="dip_895">477.3035dp</dimen>
    <dimen name="dip_896">477.8368dp</dimen>
    <dimen name="dip_897">478.3701dp</dimen>
    <dimen name="dip_898">478.9034dp</dimen>
    <dimen name="dip_899">479.4367dp</dimen>
    <dimen name="dip_900">479.97dp</dimen>
    <dimen name="dip_901">480.5033dp</dimen>
    <dimen name="dip_902">481.0366dp</dimen>
    <dimen name="dip_903">481.5699dp</dimen>
    <dimen name="dip_904">482.1032dp</dimen>
    <dimen name="dip_905">482.6365dp</dimen>
    <dimen name="dip_906">483.1698dp</dimen>
    <dimen name="dip_907">483.7031dp</dimen>
    <dimen name="dip_908">484.2364dp</dimen>
    <dimen name="dip_909">484.7697dp</dimen>
    <dimen name="dip_910">485.303dp</dimen>
    <dimen name="dip_911">485.8363dp</dimen>
    <dimen name="dip_912">486.3696dp</dimen>
    <dimen name="dip_913">486.9029dp</dimen>
    <dimen name="dip_914">487.4362dp</dimen>
    <dimen name="dip_915">487.9695dp</dimen>
    <dimen name="dip_916">488.5028dp</dimen>
    <dimen name="dip_917">489.0361dp</dimen>
    <dimen name="dip_918">489.5694dp</dimen>
    <dimen name="dip_919">490.1027dp</dimen>
    <dimen name="dip_920">490.636dp</dimen>
    <dimen name="dip_921">491.1693dp</dimen>
    <dimen name="dip_922">491.7026dp</dimen>
    <dimen name="dip_923">492.2359dp</dimen>
    <dimen name="dip_924">492.7692dp</dimen>
    <dimen name="dip_925">493.3025dp</dimen>
    <dimen name="dip_926">493.8358dp</dimen>
    <dimen name="dip_927">494.3691dp</dimen>
    <dimen name="dip_928">494.9024dp</dimen>
    <dimen name="dip_929">495.4357dp</dimen>
    <dimen name="dip_930">495.969dp</dimen>
    <dimen name="dip_931">496.5023dp</dimen>
    <dimen name="dip_932">497.0356dp</dimen>
    <dimen name="dip_933">497.5689dp</dimen>
    <dimen name="dip_934">498.1022dp</dimen>
    <dimen name="dip_935">498.6355dp</dimen>
    <dimen name="dip_936">499.1688dp</dimen>
    <dimen name="dip_937">499.7021dp</dimen>
    <dimen name="dip_938">500.2354dp</dimen>
    <dimen name="dip_939">500.7687dp</dimen>
    <dimen name="dip_940">501.302dp</dimen>
    <dimen name="dip_941">501.8353dp</dimen>
    <dimen name="dip_942">502.3686dp</dimen>
    <dimen name="dip_943">502.9019dp</dimen>
    <dimen name="dip_944">503.4352dp</dimen>
    <dimen name="dip_945">503.9685dp</dimen>
    <dimen name="dip_946">504.5018dp</dimen>
    <dimen name="dip_947">505.0351dp</dimen>
    <dimen name="dip_948">505.5684dp</dimen>
    <dimen name="dip_949">506.1017dp</dimen>
    <dimen name="dip_950">506.635dp</dimen>
    <dimen name="dip_951">507.1683dp</dimen>
    <dimen name="dip_952">507.7016dp</dimen>
    <dimen name="dip_953">508.2349dp</dimen>
    <dimen name="dip_954">508.7682dp</dimen>
    <dimen name="dip_955">509.3015dp</dimen>
    <dimen name="dip_956">509.8348dp</dimen>
    <dimen name="dip_957">510.3681dp</dimen>
    <dimen name="dip_958">510.9014dp</dimen>
    <dimen name="dip_959">511.4347dp</dimen>
    <dimen name="dip_960">511.968dp</dimen>
    <dimen name="dip_961">512.5013dp</dimen>
    <dimen name="dip_962">513.0346dp</dimen>
    <dimen name="dip_963">513.5679dp</dimen>
    <dimen name="dip_964">514.1012dp</dimen>
    <dimen name="dip_965">514.6345dp</dimen>
    <dimen name="dip_966">515.1678dp</dimen>
    <dimen name="dip_967">515.7011dp</dimen>
    <dimen name="dip_968">516.2344dp</dimen>
    <dimen name="dip_969">516.7677dp</dimen>
    <dimen name="dip_970">517.301dp</dimen>
    <dimen name="dip_971">517.8343dp</dimen>
    <dimen name="dip_972">518.3676dp</dimen>
    <dimen name="dip_973">518.9009dp</dimen>
    <dimen name="dip_974">519.4342dp</dimen>
    <dimen name="dip_975">519.9675dp</dimen>
    <dimen name="dip_976">520.5008dp</dimen>
    <dimen name="dip_977">521.0341dp</dimen>
    <dimen name="dip_978">521.5674dp</dimen>
    <dimen name="dip_979">522.1007dp</dimen>
    <dimen name="dip_980">522.634dp</dimen>
    <dimen name="dip_981">523.1673dp</dimen>
    <dimen name="dip_982">523.7006dp</dimen>
    <dimen name="dip_983">524.2339dp</dimen>
    <dimen name="dip_984">524.7672dp</dimen>
    <dimen name="dip_985">525.3005dp</dimen>
    <dimen name="dip_986">525.8338dp</dimen>
    <dimen name="dip_987">526.3671dp</dimen>
    <dimen name="dip_988">526.9004dp</dimen>
    <dimen name="dip_989">527.4337dp</dimen>
    <dimen name="dip_990">527.967dp</dimen>
    <dimen name="dip_991">528.5003dp</dimen>
    <dimen name="dip_992">529.0336dp</dimen>
    <dimen name="dip_993">529.5669dp</dimen>
    <dimen name="dip_994">530.1002dp</dimen>
    <dimen name="dip_995">530.6335dp</dimen>
    <dimen name="dip_996">531.1668dp</dimen>
    <dimen name="dip_997">531.7001dp</dimen>
    <dimen name="dip_998">532.2334dp</dimen>
    <dimen name="dip_999">532.7667dp</dimen>
    <dimen name="dip_1000">533.3dp</dimen>
    <dimen name="dip_1001">533.8333dp</dimen>
    <dimen name="dip_1002">534.3666dp</dimen>
    <dimen name="dip_1003">534.8999dp</dimen>
    <dimen name="dip_1004">535.4332dp</dimen>
    <dimen name="dip_1005">535.9665dp</dimen>
    <dimen name="dip_1006">536.4998dp</dimen>
    <dimen name="dip_1007">537.0331dp</dimen>
    <dimen name="dip_1008">537.5664dp</dimen>
    <dimen name="dip_1009">538.0997dp</dimen>
    <dimen name="dip_1010">538.633dp</dimen>
    <dimen name="dip_1011">539.1663dp</dimen>
    <dimen name="dip_1012">539.6996dp</dimen>
    <dimen name="dip_1013">540.2329dp</dimen>
    <dimen name="dip_1014">540.7662dp</dimen>
    <dimen name="dip_1015">541.2995dp</dimen>
    <dimen name="dip_1016">541.8328dp</dimen>
    <dimen name="dip_1017">542.3661dp</dimen>
    <dimen name="dip_1018">542.8994dp</dimen>
    <dimen name="dip_1019">543.4327dp</dimen>
    <dimen name="dip_1020">543.966dp</dimen>
    <dimen name="dip_1021">544.4993dp</dimen>
    <dimen name="dip_1022">545.0326dp</dimen>
    <dimen name="dip_1023">545.5659dp</dimen>
    <dimen name="dip_1024">546.0992dp</dimen>
    <dimen name="dip_1025">546.6325dp</dimen>
    <dimen name="dip_1026">547.1658dp</dimen>
    <dimen name="dip_1027">547.6991dp</dimen>
    <dimen name="dip_1028">548.2324dp</dimen>
    <dimen name="dip_1029">548.7657dp</dimen>
    <dimen name="dip_1030">549.299dp</dimen>
    <dimen name="dip_1031">549.8323dp</dimen>
    <dimen name="dip_1032">550.3656dp</dimen>
    <dimen name="dip_1033">550.8989dp</dimen>
    <dimen name="dip_1034">551.4322dp</dimen>
    <dimen name="dip_1035">551.9655dp</dimen>
    <dimen name="dip_1036">552.4988dp</dimen>
    <dimen name="dip_1037">553.0321dp</dimen>
    <dimen name="dip_1038">553.5654dp</dimen>
    <dimen name="dip_1039">554.0987dp</dimen>
    <dimen name="dip_1040">554.632dp</dimen>
    <dimen name="dip_1041">555.1653dp</dimen>
    <dimen name="dip_1042">555.6986dp</dimen>
    <dimen name="dip_1043">556.2319dp</dimen>
    <dimen name="dip_1044">556.7652dp</dimen>
    <dimen name="dip_1045">557.2985dp</dimen>
    <dimen name="dip_1046">557.8318dp</dimen>
    <dimen name="dip_1047">558.3651dp</dimen>
    <dimen name="dip_1048">558.8984dp</dimen>
    <dimen name="dip_1049">559.4317dp</dimen>
    <dimen name="dip_1050">559.965dp</dimen>
    <dimen name="dip_1051">560.4983dp</dimen>
    <dimen name="dip_1052">561.0316dp</dimen>
    <dimen name="dip_1053">561.5649dp</dimen>
    <dimen name="dip_1054">562.0982dp</dimen>
    <dimen name="dip_1055">562.6315dp</dimen>
    <dimen name="dip_1056">563.1648dp</dimen>
    <dimen name="dip_1057">563.6981dp</dimen>
    <dimen name="dip_1058">564.2314dp</dimen>
    <dimen name="dip_1059">564.7647dp</dimen>
    <dimen name="dip_1060">565.298dp</dimen>
    <dimen name="dip_1061">565.8313dp</dimen>
    <dimen name="dip_1062">566.3646dp</dimen>
    <dimen name="dip_1063">566.8979dp</dimen>
    <dimen name="dip_1064">567.4312dp</dimen>
    <dimen name="dip_1065">567.9645dp</dimen>
    <dimen name="dip_1066">568.4978dp</dimen>
    <dimen name="dip_1067">569.0311dp</dimen>
    <dimen name="dip_1068">569.5644dp</dimen>
    <dimen name="dip_1069">570.0977dp</dimen>
    <dimen name="dip_1070">570.631dp</dimen>
    <dimen name="dip_1071">571.1643dp</dimen>
    <dimen name="dip_1072">571.6976dp</dimen>
    <dimen name="dip_1073">572.2309dp</dimen>
    <dimen name="dip_1074">572.7642dp</dimen>
    <dimen name="dip_1075">573.2975dp</dimen>
    <dimen name="dip_1076">573.8308dp</dimen>
    <dimen name="dip_1077">574.3641dp</dimen>
    <dimen name="dip_1078">574.8974dp</dimen>
    <dimen name="dip_1079">575.4307dp</dimen>
    <dimen name="dip_1080">575.964dp</dimen>
    <dimen name="dip_1081">576.4973dp</dimen>
    <dimen name="dip_1082">577.0306dp</dimen>
    <dimen name="dip_1083">577.5639dp</dimen>
    <dimen name="dip_1084">578.0972dp</dimen>
    <dimen name="dip_1085">578.6305dp</dimen>
    <dimen name="dip_1086">579.1638dp</dimen>
    <dimen name="dip_1087">579.6971dp</dimen>
    <dimen name="dip_1088">580.2304dp</dimen>
    <dimen name="dip_1089">580.7637dp</dimen>
    <dimen name="dip_1090">581.297dp</dimen>
    <dimen name="dip_1091">581.8303dp</dimen>
    <dimen name="dip_1092">582.3636dp</dimen>
    <dimen name="dip_1093">582.8969dp</dimen>
    <dimen name="dip_1094">583.4302dp</dimen>
    <dimen name="dip_1095">583.9635dp</dimen>
    <dimen name="dip_1096">584.4968dp</dimen>
    <dimen name="dip_1097">585.0301dp</dimen>
    <dimen name="dip_1098">585.5634dp</dimen>
    <dimen name="dip_1099">586.0967dp</dimen>
    <dimen name="dip_1100">586.63dp</dimen>
    <dimen name="dip_1101">587.1633dp</dimen>
    <dimen name="dip_1102">587.6966dp</dimen>
    <dimen name="dip_1103">588.2299dp</dimen>
    <dimen name="dip_1104">588.7632dp</dimen>
    <dimen name="dip_1105">589.2965dp</dimen>
    <dimen name="dip_1106">589.8298dp</dimen>
    <dimen name="dip_1107">590.3631dp</dimen>
    <dimen name="dip_1108">590.8964dp</dimen>
    <dimen name="dip_1109">591.4297dp</dimen>
    <dimen name="dip_1110">591.963dp</dimen>
    <dimen name="dip_1111">592.4963dp</dimen>
    <dimen name="dip_1112">593.0296dp</dimen>
    <dimen name="dip_1113">593.5629dp</dimen>
    <dimen name="dip_1114">594.0962dp</dimen>
    <dimen name="dip_1115">594.6295dp</dimen>
    <dimen name="dip_1116">595.1628dp</dimen>
    <dimen name="dip_1117">595.6961dp</dimen>
    <dimen name="dip_1118">596.2294dp</dimen>
    <dimen name="dip_1119">596.7627dp</dimen>
    <dimen name="dip_1120">597.296dp</dimen>
    <dimen name="dip_1121">597.8293dp</dimen>
    <dimen name="dip_1122">598.3626dp</dimen>
    <dimen name="dip_1123">598.8959dp</dimen>
    <dimen name="dip_1124">599.4292dp</dimen>
    <dimen name="dip_1125">599.9625dp</dimen>
    <dimen name="dip_1126">600.4958dp</dimen>
    <dimen name="dip_1127">601.0291dp</dimen>
    <dimen name="dip_1128">601.5624dp</dimen>
    <dimen name="dip_1129">602.0957dp</dimen>
    <dimen name="dip_1130">602.629dp</dimen>
    <dimen name="dip_1131">603.1623dp</dimen>
    <dimen name="dip_1132">603.6956dp</dimen>
    <dimen name="dip_1133">604.2289dp</dimen>
    <dimen name="dip_1134">604.7622dp</dimen>
    <dimen name="dip_1135">605.2955dp</dimen>
    <dimen name="dip_1136">605.8288dp</dimen>
    <dimen name="dip_1137">606.3621dp</dimen>
    <dimen name="dip_1138">606.8954dp</dimen>
    <dimen name="dip_1139">607.4287dp</dimen>
    <dimen name="dip_1140">607.962dp</dimen>
    <dimen name="dip_1141">608.4953dp</dimen>
    <dimen name="dip_1142">609.0286dp</dimen>
    <dimen name="dip_1143">609.5619dp</dimen>
    <dimen name="dip_1144">610.0952dp</dimen>
    <dimen name="dip_1145">610.6285dp</dimen>
    <dimen name="dip_1146">611.1618dp</dimen>
    <dimen name="dip_1147">611.6951dp</dimen>
    <dimen name="dip_1148">612.2284dp</dimen>
    <dimen name="dip_1149">612.7617dp</dimen>
    <dimen name="dip_1150">613.295dp</dimen>
    <dimen name="dip_1151">613.8283dp</dimen>
    <dimen name="dip_1152">614.3616dp</dimen>
    <dimen name="dip_1153">614.8949dp</dimen>
    <dimen name="dip_1154">615.4282dp</dimen>
    <dimen name="dip_1155">615.9615dp</dimen>
    <dimen name="dip_1156">616.4948dp</dimen>
    <dimen name="dip_1157">617.0281dp</dimen>
    <dimen name="dip_1158">617.5614dp</dimen>
    <dimen name="dip_1159">618.0947dp</dimen>
    <dimen name="dip_1160">618.628dp</dimen>
    <dimen name="dip_1161">619.1613dp</dimen>
    <dimen name="dip_1162">619.6946dp</dimen>
    <dimen name="dip_1163">620.2279dp</dimen>
    <dimen name="dip_1164">620.7612dp</dimen>
    <dimen name="dip_1165">621.2945dp</dimen>
    <dimen name="dip_1166">621.8278dp</dimen>
    <dimen name="dip_1167">622.3611dp</dimen>
    <dimen name="dip_1168">622.8944dp</dimen>
    <dimen name="dip_1169">623.4277dp</dimen>
    <dimen name="dip_1170">623.961dp</dimen>
    <dimen name="dip_1171">624.4943dp</dimen>
    <dimen name="dip_1172">625.0276dp</dimen>
    <dimen name="dip_1173">625.5609dp</dimen>
    <dimen name="dip_1174">626.0942dp</dimen>
    <dimen name="dip_1175">626.6275dp</dimen>
    <dimen name="dip_1176">627.1608dp</dimen>
    <dimen name="dip_1177">627.6941dp</dimen>
    <dimen name="dip_1178">628.2274dp</dimen>
    <dimen name="dip_1179">628.7607dp</dimen>
    <dimen name="dip_1180">629.294dp</dimen>
    <dimen name="dip_1181">629.8273dp</dimen>
    <dimen name="dip_1182">630.3606dp</dimen>
    <dimen name="dip_1183">630.8939dp</dimen>
    <dimen name="dip_1184">631.4272dp</dimen>
    <dimen name="dip_1185">631.9605dp</dimen>
    <dimen name="dip_1186">632.4938dp</dimen>
    <dimen name="dip_1187">633.0271dp</dimen>
    <dimen name="dip_1188">633.5604dp</dimen>
    <dimen name="dip_1189">634.0937dp</dimen>
    <dimen name="dip_1190">634.627dp</dimen>
    <dimen name="dip_1191">635.1603dp</dimen>
    <dimen name="dip_1192">635.6936dp</dimen>
    <dimen name="dip_1193">636.2269dp</dimen>
    <dimen name="dip_1194">636.7602dp</dimen>
    <dimen name="dip_1195">637.2935dp</dimen>
    <dimen name="dip_1196">637.8268dp</dimen>
    <dimen name="dip_1197">638.3601dp</dimen>
    <dimen name="dip_1198">638.8934dp</dimen>
    <dimen name="dip_1199">639.4267dp</dimen>
    <dimen name="dip_1200">639.96dp</dimen>
    <dimen name="dip_1201">640.4933dp</dimen>
    <dimen name="dip_1202">641.0266dp</dimen>
    <dimen name="dip_1203">641.5599dp</dimen>
    <dimen name="dip_1204">642.0932dp</dimen>
    <dimen name="dip_1205">642.6265dp</dimen>
    <dimen name="dip_1206">643.1598dp</dimen>
    <dimen name="dip_1207">643.6931dp</dimen>
    <dimen name="dip_1208">644.2264dp</dimen>
    <dimen name="dip_1209">644.7597dp</dimen>
    <dimen name="dip_1210">645.293dp</dimen>
    <dimen name="dip_1211">645.8263dp</dimen>
    <dimen name="dip_1212">646.3596dp</dimen>
    <dimen name="dip_1213">646.8929dp</dimen>
    <dimen name="dip_1214">647.4262dp</dimen>
    <dimen name="dip_1215">647.9595dp</dimen>
    <dimen name="dip_1216">648.4928dp</dimen>
    <dimen name="dip_1217">649.0261dp</dimen>
    <dimen name="dip_1218">649.5594dp</dimen>
    <dimen name="dip_1219">650.0927dp</dimen>
    <dimen name="dip_1220">650.626dp</dimen>
    <dimen name="dip_1221">651.1593dp</dimen>
    <dimen name="dip_1222">651.6926dp</dimen>
    <dimen name="dip_1223">652.2259dp</dimen>
    <dimen name="dip_1224">652.7592dp</dimen>
    <dimen name="dip_1225">653.2925dp</dimen>
    <dimen name="dip_1226">653.8258dp</dimen>
    <dimen name="dip_1227">654.3591dp</dimen>
    <dimen name="dip_1228">654.8924dp</dimen>
    <dimen name="dip_1229">655.4257dp</dimen>
    <dimen name="dip_1230">655.959dp</dimen>
    <dimen name="dip_1231">656.4923dp</dimen>
    <dimen name="dip_1232">657.0256dp</dimen>
    <dimen name="dip_1233">657.5589dp</dimen>
    <dimen name="dip_1234">658.0922dp</dimen>
    <dimen name="dip_1235">658.6255dp</dimen>
    <dimen name="dip_1236">659.1588dp</dimen>
    <dimen name="dip_1237">659.6921dp</dimen>
    <dimen name="dip_1238">660.2254dp</dimen>
    <dimen name="dip_1239">660.7587dp</dimen>
    <dimen name="dip_1240">661.292dp</dimen>
    <dimen name="dip_1241">661.8253dp</dimen>
    <dimen name="dip_1242">662.3586dp</dimen>
    <dimen name="dip_1243">662.8919dp</dimen>
    <dimen name="dip_1244">663.4252dp</dimen>
    <dimen name="dip_1245">663.9585dp</dimen>
    <dimen name="dip_1246">664.4918dp</dimen>
    <dimen name="dip_1247">665.0251dp</dimen>
    <dimen name="dip_1248">665.5584dp</dimen>
    <dimen name="dip_1249">666.0917dp</dimen>
    <dimen name="dip_1250">666.625dp</dimen>
    <dimen name="dip_1251">667.1583dp</dimen>
    <dimen name="dip_1252">667.6916dp</dimen>
    <dimen name="dip_1253">668.2249dp</dimen>
    <dimen name="dip_1254">668.7582dp</dimen>
    <dimen name="dip_1255">669.2915dp</dimen>
    <dimen name="dip_1256">669.8248dp</dimen>
    <dimen name="dip_1257">670.3581dp</dimen>
    <dimen name="dip_1258">670.8914dp</dimen>
    <dimen name="dip_1259">671.4247dp</dimen>
    <dimen name="dip_1260">671.958dp</dimen>
    <dimen name="dip_1261">672.4913dp</dimen>
    <dimen name="dip_1262">673.0246dp</dimen>
    <dimen name="dip_1263">673.5579dp</dimen>
    <dimen name="dip_1264">674.0912dp</dimen>
    <dimen name="dip_1265">674.6245dp</dimen>
    <dimen name="dip_1266">675.1578dp</dimen>
    <dimen name="dip_1267">675.6911dp</dimen>
    <dimen name="dip_1268">676.2244dp</dimen>
    <dimen name="dip_1269">676.7577dp</dimen>
    <dimen name="dip_1270">677.291dp</dimen>
    <dimen name="dip_1271">677.8243dp</dimen>
    <dimen name="dip_1272">678.3576dp</dimen>
    <dimen name="dip_1273">678.8909dp</dimen>
    <dimen name="dip_1274">679.4242dp</dimen>
    <dimen name="dip_1275">679.9575dp</dimen>
    <dimen name="dip_1276">680.4908dp</dimen>
    <dimen name="dip_1277">681.0241dp</dimen>
    <dimen name="dip_1278">681.5574dp</dimen>
    <dimen name="dip_1279">682.0907dp</dimen>
    <dimen name="dip_1280">682.624dp</dimen>
    <dimen name="dip_1281">683.1573dp</dimen>
    <dimen name="dip_1282">683.6906dp</dimen>
    <dimen name="dip_1283">684.2239dp</dimen>
    <dimen name="dip_1284">684.7572dp</dimen>
    <dimen name="dip_1285">685.2905dp</dimen>
    <dimen name="dip_1286">685.8238dp</dimen>
    <dimen name="dip_1287">686.3571dp</dimen>
    <dimen name="dip_1288">686.8904dp</dimen>
    <dimen name="dip_1289">687.4237dp</dimen>
    <dimen name="dip_1290">687.957dp</dimen>
    <dimen name="dip_1291">688.4903dp</dimen>
    <dimen name="dip_1292">689.0236dp</dimen>
    <dimen name="dip_1293">689.5569dp</dimen>
    <dimen name="dip_1294">690.0902dp</dimen>
    <dimen name="dip_1295">690.6235dp</dimen>
    <dimen name="dip_1296">691.1568dp</dimen>
    <dimen name="dip_1297">691.6901dp</dimen>
    <dimen name="dip_1298">692.2234dp</dimen>
    <dimen name="dip_1299">692.7567dp</dimen>
    <dimen name="dip_1300">693.29dp</dimen>

    <!-- 统一屏幕适配sp -->
    <dimen name="sp_1">0.5333sp</dimen>
    <dimen name="sp_2">1.0666sp</dimen>
    <dimen name="sp_3">1.5999sp</dimen>
    <dimen name="sp_4">2.1332sp</dimen>
    <dimen name="sp_5">2.6665sp</dimen>
    <dimen name="sp_6">3.1998sp</dimen>
    <dimen name="sp_7">3.7331sp</dimen>
    <dimen name="sp_8">4.2664sp</dimen>
    <dimen name="sp_9">4.7997sp</dimen>
    <dimen name="sp_10">5.333sp</dimen>
    <dimen name="sp_11">5.8663sp</dimen>
    <dimen name="sp_12">6.3996sp</dimen>
    <dimen name="sp_13">6.9329sp</dimen>
    <dimen name="sp_14">7.4662sp</dimen>
    <dimen name="sp_15">7.9995sp</dimen>
    <dimen name="sp_16">8.5328sp</dimen>
    <dimen name="sp_17">9.0661sp</dimen>
    <dimen name="sp_18">9.5994sp</dimen>
    <dimen name="sp_19">10.1327sp</dimen>
    <dimen name="sp_20">10.666sp</dimen>
    <dimen name="sp_21">11.1993sp</dimen>
    <dimen name="sp_22">11.7326sp</dimen>
    <dimen name="sp_23">12.2659sp</dimen>
    <dimen name="sp_24">12.7992sp</dimen>
    <dimen name="sp_25">13.3325sp</dimen>
    <dimen name="sp_26">13.8658sp</dimen>
    <dimen name="sp_27">14.3991sp</dimen>
    <dimen name="sp_28">14.9324sp</dimen>
    <dimen name="sp_29">15.4657sp</dimen>
    <dimen name="sp_30">15.999sp</dimen>
    <dimen name="sp_31">16.5323sp</dimen>
    <dimen name="sp_32">17.0656sp</dimen>
    <dimen name="sp_33">17.5989sp</dimen>
    <dimen name="sp_34">18.1322sp</dimen>
    <dimen name="sp_35">18.6655sp</dimen>
    <dimen name="sp_36">19.1988sp</dimen>
    <dimen name="sp_37">19.7321sp</dimen>
    <dimen name="sp_38">20.2654sp</dimen>
    <dimen name="sp_39">20.7987sp</dimen>
    <dimen name="sp_40">21.332sp</dimen>
    <dimen name="sp_41">21.8653sp</dimen>
    <dimen name="sp_42">22.3986sp</dimen>
    <dimen name="sp_43">22.9319sp</dimen>
    <dimen name="sp_44">23.4652sp</dimen>
    <dimen name="sp_45">23.9985sp</dimen>
    <dimen name="sp_46">24.5318sp</dimen>
    <dimen name="sp_47">25.0651sp</dimen>
    <dimen name="sp_48">25.5984sp</dimen>
    <dimen name="sp_49">26.1317sp</dimen>
    <dimen name="sp_50">26.665sp</dimen>
    <dimen name="sp_51">27.1983sp</dimen>
    <dimen name="sp_52">27.7316sp</dimen>
    <dimen name="sp_53">28.2649sp</dimen>
    <dimen name="sp_54">28.7982sp</dimen>
    <dimen name="sp_55">29.3315sp</dimen>
    <dimen name="sp_56">29.8648sp</dimen>
    <dimen name="sp_57">30.3981sp</dimen>
    <dimen name="sp_58">30.9314sp</dimen>
    <dimen name="sp_59">31.4647sp</dimen>
    <dimen name="sp_60">31.998sp</dimen>
    <dimen name="sp_61">32.5313sp</dimen>
    <dimen name="sp_62">33.0646sp</dimen>
    <dimen name="sp_63">33.5979sp</dimen>
    <dimen name="sp_64">34.1312sp</dimen>
    <dimen name="sp_65">34.6645sp</dimen>
    <dimen name="sp_66">35.1978sp</dimen>
    <dimen name="sp_67">35.7311sp</dimen>
    <dimen name="sp_68">36.2644sp</dimen>
    <dimen name="sp_69">36.7977sp</dimen>
    <dimen name="sp_70">37.331sp</dimen>
    <dimen name="sp_71">37.8643sp</dimen>
    <dimen name="sp_72">38.3976sp</dimen>
    <dimen name="sp_73">38.9309sp</dimen>
    <dimen name="sp_74">39.4642sp</dimen>
    <dimen name="sp_75">39.9975sp</dimen>
    <dimen name="sp_76">40.5308sp</dimen>
    <dimen name="sp_77">41.0641sp</dimen>
    <dimen name="sp_78">41.5974sp</dimen>
    <dimen name="sp_79">42.1307sp</dimen>
    <dimen name="sp_80">42.664sp</dimen>
    <dimen name="sp_81">43.1973sp</dimen>
    <dimen name="sp_82">43.7306sp</dimen>
    <dimen name="sp_83">44.2639sp</dimen>
    <dimen name="sp_84">44.7972sp</dimen>
    <dimen name="sp_85">45.3305sp</dimen>
    <dimen name="sp_86">45.8638sp</dimen>
    <dimen name="sp_87">46.3971sp</dimen>
    <dimen name="sp_88">46.9304sp</dimen>
    <dimen name="sp_89">47.4637sp</dimen>
    <dimen name="sp_90">47.997sp</dimen>
    <dimen name="sp_91">48.5303sp</dimen>
    <dimen name="sp_92">49.0636sp</dimen>
    <dimen name="sp_93">49.5969sp</dimen>
    <dimen name="sp_94">50.1302sp</dimen>
    <dimen name="sp_95">50.6635sp</dimen>
    <dimen name="sp_96">51.1968sp</dimen>
    <dimen name="sp_97">51.7301sp</dimen>
    <dimen name="sp_98">52.2634sp</dimen>
    <dimen name="sp_99">52.7967sp</dimen>
    <dimen name="sp_100">53.33sp</dimen>
    <dimen name="sp_101">53.8633sp</dimen>
    <dimen name="sp_102">54.3966sp</dimen>
    <dimen name="sp_103">54.9299sp</dimen>
    <dimen name="sp_104">55.4632sp</dimen>
    <dimen name="sp_105">55.9965sp</dimen>
    <dimen name="sp_106">56.5298sp</dimen>
    <dimen name="sp_107">57.0631sp</dimen>
    <dimen name="sp_108">57.5964sp</dimen>
    <dimen name="sp_109">58.1297sp</dimen>
    <dimen name="sp_110">58.663sp</dimen>
    <dimen name="sp_111">59.1963sp</dimen>
    <dimen name="sp_112">59.7296sp</dimen>
    <dimen name="sp_113">60.2629sp</dimen>
    <dimen name="sp_114">60.7962sp</dimen>
    <dimen name="sp_115">61.3295sp</dimen>
    <dimen name="sp_116">61.8628sp</dimen>
    <dimen name="sp_117">62.3961sp</dimen>
    <dimen name="sp_118">62.9294sp</dimen>
    <dimen name="sp_119">63.4627sp</dimen>
    <dimen name="sp_120">63.996sp</dimen>
    <dimen name="sp_121">64.5293sp</dimen>
    <dimen name="sp_122">65.0626sp</dimen>
    <dimen name="sp_123">65.5959sp</dimen>
    <dimen name="sp_124">66.1292sp</dimen>
    <dimen name="sp_125">66.6625sp</dimen>
    <dimen name="sp_126">67.1958sp</dimen>
    <dimen name="sp_127">67.7291sp</dimen>
    <dimen name="sp_128">68.2624sp</dimen>
    <dimen name="sp_129">68.7957sp</dimen>
    <dimen name="sp_130">69.329sp</dimen>
    <dimen name="sp_131">69.8623sp</dimen>
    <dimen name="sp_132">70.3956sp</dimen>
    <dimen name="sp_133">70.9289sp</dimen>
    <dimen name="sp_134">71.4622sp</dimen>
    <dimen name="sp_135">71.9955sp</dimen>
    <dimen name="sp_136">72.5288sp</dimen>
    <dimen name="sp_137">73.0621sp</dimen>
    <dimen name="sp_138">73.5954sp</dimen>
    <dimen name="sp_139">74.1287sp</dimen>
    <dimen name="sp_140">74.662sp</dimen>
    <dimen name="sp_141">75.1953sp</dimen>
    <dimen name="sp_142">75.7286sp</dimen>
    <dimen name="sp_143">76.2619sp</dimen>
    <dimen name="sp_144">76.7952sp</dimen>
    <dimen name="sp_145">77.3285sp</dimen>
    <dimen name="sp_146">77.8618sp</dimen>
    <dimen name="sp_147">78.3951sp</dimen>
    <dimen name="sp_148">78.9284sp</dimen>
    <dimen name="sp_149">79.4617sp</dimen>
    <dimen name="sp_150">79.995sp</dimen>
    <dimen name="sp_151">80.5283sp</dimen>
    <dimen name="sp_152">81.0616sp</dimen>
    <dimen name="sp_153">81.5949sp</dimen>
    <dimen name="sp_154">82.1282sp</dimen>
    <dimen name="sp_155">82.6615sp</dimen>
    <dimen name="sp_156">83.1948sp</dimen>
    <dimen name="sp_157">83.7281sp</dimen>
    <dimen name="sp_158">84.2614sp</dimen>
    <dimen name="sp_159">84.7947sp</dimen>
    <dimen name="sp_160">85.328sp</dimen>
    <dimen name="sp_161">85.8613sp</dimen>
    <dimen name="sp_162">86.3946sp</dimen>
    <dimen name="sp_163">86.9279sp</dimen>
    <dimen name="sp_164">87.4612sp</dimen>
    <dimen name="sp_165">87.9945sp</dimen>
    <dimen name="sp_166">88.5278sp</dimen>
    <dimen name="sp_167">89.0611sp</dimen>
    <dimen name="sp_168">89.5944sp</dimen>
    <dimen name="sp_169">90.1277sp</dimen>
    <dimen name="sp_170">90.661sp</dimen>
    <dimen name="sp_171">91.1943sp</dimen>
    <dimen name="sp_172">91.7276sp</dimen>
    <dimen name="sp_173">92.2609sp</dimen>
    <dimen name="sp_174">92.7942sp</dimen>
    <dimen name="sp_175">93.3275sp</dimen>
    <dimen name="sp_176">93.8608sp</dimen>
    <dimen name="sp_177">94.3941sp</dimen>
    <dimen name="sp_178">94.9274sp</dimen>
    <dimen name="sp_179">95.4607sp</dimen>
    <dimen name="sp_180">95.994sp</dimen>
    <dimen name="sp_181">96.5273sp</dimen>
    <dimen name="sp_182">97.0606sp</dimen>
    <dimen name="sp_183">97.5939sp</dimen>
    <dimen name="sp_184">98.1272sp</dimen>
    <dimen name="sp_185">98.6605sp</dimen>
    <dimen name="sp_186">99.1938sp</dimen>
    <dimen name="sp_187">99.7271sp</dimen>
    <dimen name="sp_188">100.2604sp</dimen>
    <dimen name="sp_189">100.7937sp</dimen>
    <dimen name="sp_190">101.327sp</dimen>
    <dimen name="sp_191">101.8603sp</dimen>
    <dimen name="sp_192">102.3936sp</dimen>
    <dimen name="sp_193">102.9269sp</dimen>
    <dimen name="sp_194">103.4602sp</dimen>
    <dimen name="sp_195">103.9935sp</dimen>
    <dimen name="sp_196">104.5268sp</dimen>
    <dimen name="sp_197">105.0601sp</dimen>
    <dimen name="sp_198">105.5934sp</dimen>
    <dimen name="sp_199">106.1267sp</dimen>
    <dimen name="sp_200">106.66sp</dimen>
</resources>

